id,word,num
0,2023,0.5424126315789474
1,мобилизация,2.4932148470911426
2,2022,0.5711739795918368
3,руб,0.42341632653061223
4,мобилизовать,0.4889800941915227
5,госдума,0.28055918367346944
6,минфин,0.38782320135118287
7,цб,0.4738327827139477
8,из-за,0.2700640721404841
9,ндс,1.2774900575770165
10,ндфл,1.3290030383645648
11,отсрочка,0.3673469387755102
12,тыс,0.3355925925925926
13,копа,0.09667912087912087
14,фнс,0.1783265306122449
15,налоговик,0.1971918367346939
16,данные,0.14579470899470898
17,млн,0.13832049689440995
18,вычет,0.1291948051948052
19,15,0.11240578231292517
20,ип,1.1697985216228353
21,михаил,0.08367346938775509
22,премьер-министр,0.08154285714285714
23,30,0.10951428571428572
24,it-компания,0.1654326530612245
25,2021,0.11610300120048019
26,минцифра,0.1836734693877551
27,минтруд,0.07626122448979593
28,мишустин,0.07486530612244899
29,самозанятой,0.48470323823502437
30,алексей,0.10726530612244899
31,владимир,0.07348979591836734
32,нк,0.07417551020408163
33,портал,0.055926530612244896
34,минэкономразвития,0.07142857142857142
35,уведомление,0.1094997084548105
36,физлицо,0.08633935860058309
37,путин,0.12406938775510204
38,вебинар,0.08738775510204082
39,«мир»,0.06837142857142857
40,31,0.062234693877551026
41,млрд,0.10611616954474098
42,ипотека,0.06575102040816327
43,сергей,0.07322886297376094
44,малое,0.12123673469387755
45,облагаться,0.06594761904761903
46,пеня,0.04564761904761905
47,«известиям»,0.09785714285714286
48,среднее,0.10949795918367349
49,госуслуга,0.07688163265306122
50,10,0.054595578231292526
51,мошенник,0.08742040816326531
52,мораторий,0.04583673469387755
53,днр,0.07528163265306123
54,тк,0.12244897959183673
55,приостановка,0.1089469387755102
56,максим,0.06753061224489795
57,александр,0.09046122448979592
58,17,0.06820816326530611
59,12,0.06520964749536177
60,военкомат,0.09043413729128014
61,платёжный,0.04426419294990724
62,10%,0.04080816326530612
63,лнр,0.07191428571428571
64,аккредитация,0.09217052154195012
65,казахстан,0.05281795918367347
66,усн,0.5392911200807265
67,лимит,0.05882979591836735
68,16,0.03884489795918367
69,трлн,0.03352380952380952
70,0%,0.03392489795918367
71,риа,0.05371020408163265
72,вс,0.061763265306122445
73,аккредитовать,0.09528798185941044
74,пфр,0.0933265306122449
75,профильный,0.08108673469387755
76,бухучёт,0.06733333333333334
77,маркетплейс,0.0536281179138322
78,20%,0.03693877551020408
79,иа,0.03998775510204082
80,херсонский,0.07344081632653061
81,запорожский,0.07344081632653061
82,фсс,0.49559673424456474
83,набиуллин,0.04729795918367348
84,ккт,0.049833236151603504
85,13,0.05448163265306123
86,роструд,0.038318367346938775
87,субсидия,0.030375510204081635
88,центробанк,0.029118367346938775
89,аудиторский,0.031717784256559765
90,недружественный,0.023938775510204083
91,рбк,0.024473469387755103
92,regnum,0.022510204081632658
93,21,0.05790612244897959
94,27,0.05360408163265305
95,100,0.08163265306122448
96,турция,0.027061224489795917
97,пресс-служба,0.02681224489795918
98,22,0.06700874635568513
99,эльвира,0.04334285714285714
100,11,0.034826822157434406
101,минпромторг,0.031167346938775504
102,юань,0.03426530612244898
103,чм,0.03688571428571428
104,юрлицо,0.02230204081632653
105,мосбиржа,0.08163265306122448
106,вице-премьер,0.019473469387755103
107,повыситься,0.025355102040816323
108,it,0.07142857142857142
109,контрактник,0.07142857142857142
110,300,0.07142857142857142
111,оквэда,0.4362558480873314
112,бронь,0.05961428571428571
113,банкомат,0.07142857142857142
114,минобороны,0.06722448979591836
115,фсб,0.2692986881937437
116,кадровик,0.24000091734703238
117,прожиточный,0.044009523809523804
118,бренд,0.03103673469387755
119,замглавы,0.021783673469387754
120,2024,0.030551020408163265
121,роскомнадзор,0.03369387755102041
122,кадастровый,0.041125714285714286
123,антон,0.021526530612244896
124,белоруссия,0.015551020408163266
125,эмитент,0.15311095312356662
126,решетник,0.013506122448979592
127,кабмин,0.041804081632653055
128,андрей,0.019142857142857142
129,ефс-1,0.061224489795918366
130,сзв-тд,0.061224489795918366
131,приостанавливаться,0.05578367346938776
132,критически,0.03486530612244898
133,соответствующий,0.02039591836734694
134,рассылка,0.05557142857142857
135,2025,0.029081632653061223
136,проиндексировать,0.025122448979591837
137,ифнс,0.031983673469387755
138,ozon,0.03372244897959183
139,wildberries,0.04384081632653061
140,псн,0.26018255205944407
141,нпд,0.20273369415649942
142,ужесточить,0.031204081632653063
143,приостановление,0.02
144,крым,0.02284408163265306
145,сверка,0.026979591836734696
146,по-прежнему,0.035457142857142854
147,400,0.019575510204081634
148,депозит,0.3033551967709385
149,28,0.01626938775510204
150,сбербанк,0.01648979591836735
151,минсельхоз,0.01729795918367347
152,облагать,0.01740816326530612
153,конвертация,0.088409320245849
154,скорее,0.021281632653061225
155,мсп,0.02070612244897959
156,сазан,0.035861224489795916
157,брокер,0.013277551020408162
158,аусна,0.014272653061224489
159,еаэс,0.01733877551020408
160,23,0.0526204081632653
161,зампред,0.01883265306122449
162,пф,0.03146938775510204
163,60,0.05102040816326531
164,сво,0.1595744680851064
165,увольнять,0.05102040816326531
166,тд,0.05102040816326531
167,бухгалтерия,0.027804081632653063
168,30%,0.04520408163265306
169,возобновление,0.03196734693877551
170,заблокировать,0.028404081632653063
171,главбух,0.03548163265306122
172,кто-то,0.02607482993197279
173,володин,0.02451836734693878
174,санкционный,0.015722448979591838
175,75%,0.03316326530612245
176,6%,0.03266122448979592
177,нетрудоспособность,0.01842857142857143
178,аванс,0.16282909824786718
179,избежание,0.020918367346938773
180,минтранс,0.016846938775510203
181,ооо,0.020903061224489795
182,ст,0.01633061224489796
183,злоумышленник,0.019175510204081633
184,арендный,0.013744897959183672
185,акциз,0.10956563618016694
186,застройщик,0.012685714285714286
187,14,0.018134693877551022
188,нерезидент,0.10262819924777541
189,основное,0.011391836734693878
190,малоимущий,0.03804591836734694
191,ндпить,0.009959183673469388
192,20,0.016020408163265307
193,моисеев,0.013257142857142858
194,намерить,0.011718367346938777
195,игорь,0.020420408163265305
196,дмитрий,0.049102040816326534
197,евросоюз,0.008400000000000001
198,пресс-секретарь,0.04081632653061224
199,подлежащее,0.03649795918367347
200,50%,0.03461632653061224
201,анонсировать,0.04081632653061224
202,призывный,0.0264
203,вячеслав,0.030506122448979586
204,26,0.028216326530612245
205,1с,0.034848979591836735
206,приостанавливать,0.03284081632653061
207,маркировка,0.024914285714285715
208,санкт-петербург,0.03236734693877551
209,фас,0.01873877551020408
210,беременная,0.04059591836734694
211,корректировка,0.02533469387755102
212,15%,0.03356734693877551
213,гибдд,0.023497959183673468
214,55,0.02944489795918367
215,беларусь,0.02730612244897959
216,осаго,0.02177142857142857
217,автовладелец,0.02444489795918367
218,банкрот,0.021053061224489796
219,200,0.015114285714285714
220,плательщик,0.02446938775510204
221,латвия,0.020053061224489795
222,счёт-фактура,0.022236734693877547
223,дивиденд,0.11814665321224353
224,вакансия,0.0195469387755102
225,мошеннический,0.016375510204081633
226,учётный,0.024191836734693876
227,1%,0.018714285714285715
228,массово,0.013061224489795917
229,25,0.01953877551020408
230,ос,0.02371836734693877
231,начисление,0.022028571428571425
232,мрот,0.11194500504540866
233,2019,0.014791836734693876
234,отчитываться,0.018020408163265306
235,фтс,0.018514285714285712
236,упд,0.14694752774974773
237,минприрода,0.012416326530612245
238,россии»,0.018285714285714284
239,софт,0.015959183673469386
240,индексация,0.013661224489795917
241,росстат,0.11042564902302542
242,евгений,0.027767346938775507
243,сбер,0.01576326530612245
244,онлайн,0.012514285714285712
245,армения,0.014224489795918366
246,документооборот,0.0773438216677369
247,70,0.02146938775510204
248,бухотчётность,0.013922448979591837
249,жкх,0.008746938775510202
250,беспошлинный,0.013604081632653059
251,ввоз,0.037481632653061224
252,аудит,0.070062379598202
253,наслать,0.013326530612244897
254,социально-экономический,0.011914285714285712
255,полис,0.014632653061224488
256,рекордный,0.015587755102040815
257,неквалифицированный,0.007885714285714286
258,мвд,0.009365986394557822
259,микрозаём,0.007097959183673469
260,2023-2025,0.009012244897959184
261,списывать,0.016391836734693875
262,антимонопольный,0.013251700680272108
263,telegram-канал,0.014746938775510204
264,ук,0.02406530612244898
265,«альфа-капитал»,0.02406530612244898
266,тасс,0.03197551020408163
267,«известий»,0.011579591836734694
268,&gt;&gt;&gt;,0.030877551020408157
269,лдпр,0.01480408163265306
270,высокооплачиваемый,0.011733333333333332
271,иван,0.01229795918367347
272,"""коммерсант""",0.00610204081632653
273,50,0.030612244897959183
274,65,0.030612244897959183
275,195,0.030612244897959183
276,призывник,0.030612244897959183
277,начислить,0.030612244897959183
278,грамотность,0.017746938775510205
279,3517,0.023416326530612246
280,стимулирование,0.02219591836734694
281,182н,0.030612244897959183
282,белгородский,0.021893877551020405
283,(работа,0.019685714285714286
284,контрагент,0.13840473351068705
285,годность,0.025314285714285716
286,анатолий,0.02043673469387755
287,аксаков,0.02043673469387755
288,начислять,0.030612244897959183
289,70%,0.017244897959183672
290,5%,0.020493877551020407
291,потенциально,0.030612244897959183
292,2026,0.011191836734693877
293,максут,0.030612244897959183
294,шадаев,0.030612244897959183
295,получатель,0.015902040816326533
296,it-специалист,0.01739591836734694
297,46,0.024151020408163262
298,экипировка,0.01726122448979592
299,2014,0.023322448979591837
300,всё-таки,0.01780408163265306
301,распечатать,0.026571428571428572
302,windows,0.009955102040816326
303,2015,0.030612244897959183
304,100%,0.019583673469387754
305,прогул,0.015183673469387754
306,(до,0.02346938775510204
307,24,0.02204489795918367
308,занятой,0.018828571428571427
309,нотариальный,0.030612244897959183
310,гпх,0.1956529217502981
311,размещать,0.011755102040816326
312,соцсеть,0.013269387755102042
313,реквизит,0.13748738647830472
314,альфа-банк,0.017016326530612247
315,ольга,0.009057142857142857
316,оформляться,0.010595918367346939
317,мобилизационный,0.018297959183673468
318,аннулировать,0.021359183673469388
319,000,0.019293877551020407
320,поменяться,0.024273469387755098
321,недобросовестный,0.014012244897959183
322,кассовый,0.021946938775510204
323,взимание,0.009959183673469388
324,оспорить,0.018281632653061222
325,травматизм,0.017293877551020406
326,мойка,0.008693877551020407
327,грузия,0.01136734693877551
328,подорожать,0.014542857142857144
329,программно-аппаратный,0.013775510204081633
330,фискальный,0.010563265306122447
331,неработающий,0.013016326530612245
332,безотзывный,0.013355102040816327
333,списание,0.010928571428571428
334,500,0.011187755102040816
335,«единый,0.014812244897959185
336,послабление,0.024673469387755102
337,ес,0.01540408163265306
338,«клерке»,0.014379591836734693
339,toyota,0.010240816326530613
340,149,0.012277551020408162
341,выкупить,0.010828571428571429
342,apple,0.011865306122448979
343,ретейлер,0.012289795918367347
344,2%,0.01306530612244898
345,мсфо,0.010297959183673468
346,(ifrs),0.010297959183673468
347,ежемесячный,0.007469387755102041
348,узбекистан,0.01123265306122449
349,8%,0.015183673469387754
350,2020,0.0103265306122449
351,тестировать,0.009836734693877552
352,выемка,0.011897959183673468
353,дистанционный,0.008253061224489796
354,безналичный,0.01446938775510204
355,доначисление,0.013755102040816326
356,разморозка,0.009459183673469387
357,криптовалюта,0.008322448979591836
358,субсидировать,0.008330612244897959
359,айтишник,0.010314285714285715
360,евразийский,0.01116734693877551
361,трата,0.015840816326530616
362,22%,0.010346938775510205
363,заём,0.008522448979591837
364,системообразующий,0.009604081632653062
365,мспрф,0.00933469387755102
366,безработный,0.014151020408163266
367,уволиться,0.01203265306122449
368,истекать,0.007918367346938775
369,прорабатывать,0.008424489795918368
370,уведомить,0.010138775510204081
371,рейтинговый,0.009191836734693875
372,спрогнозировать,0.013032653061224489
373,драгметалл,0.006359183673469388
374,ребрендинг,0.006865306122448979
375,втб,0.006824489795918367
376,17%,0.00930204081632653
377,40,0.017236734693877553
378,расписка,0.005208163265306123
379,госрегистрация,0.005579591836734695
380,авто,0.007395918367346939
381,1500,0.0040122448979591835
382,миронов,0.011257142857142858
383,ввп,0.00633061224489796
384,страхователь,0.004436734693877551
385,sputnik,0.009387755102040816
386,резидент,0.08534194110632053
387,промышленник,0.011612244897959183
388,пленарный,0.01445714285714286
389,минэкономики,0.004506122448979592
390,«вечерня,0.030612244897959183
391,исчислить,0.006171428571428572
392,б/с,0.003955102040816327
393,superjob,0.02451428571428571
394,rt,0.010155102040816325
395,еврокомиссия,0.005583673469387755
396,новостройка,0.02100612244897959
397,"""каникулы""",0.008930612244897959
398,импортозамещение,0.007003985710386825
399,незаконно,0.011453061224489797
400,инна,0.09339739473442804
401,белоус,0.005240816326530612
402,"""о",0.01633469387755102
403,макроэкономический,0.013616326530612243
404,краткосрочный,0.017285714285714286
405,мид,0.02040816326530612
406,обнародовать,0.02040816326530612
407,712,0.02040816326530612
408,«сведение,0.02040816326530612
409,персучёт,0.02040816326530612
410,производстве»,0.02040816326530612
411,вели,0.02040816326530612
412,очный,0.02040816326530612
413,очно-заочный,0.02040816326530612
414,упрощать,0.02040816326530612
415,повторно,0.02040816326530612
416,кбк,0.2272727272727273
417,102,0.019812244897959182
418,ростуризм,0.018146938775510203
419,гособоронзаказ,0.02040816326530612
420,неявка,0.02040816326530612
421,оставление,0.02040816326530612
422,услуг),0.016518367346938775
423,росстандарт,0.02040816326530612
424,фитнес-клуб,0.016983673469387756
425,«у,0.018061224489795916
426,спецоценка,0.017330612244897958
427,нанимать,0.018661224489795916
428,ратификация,0.009355102040816325
429,медиа,0.02040816326530612
430,туроператор,0.009020408163265305
431,майнинга,0.010644897959183672
432,договорный,0.017457142857142855
433,прослеживаемость,0.02040816326530612
434,штрафовать,0.02040816326530612
435,запросить,0.009261224489795918
436,$400,0.005420408163265306
437,инвестировать,0.016359183673469387
438,нпф,0.02040816326530612
439,иванович,0.02040816326530612
440,ikea,0.02040816326530612
441,осный,0.015653061224489794
442,капремонт,0.02040816326530612
443,фссп,0.009330612244897958
444,водительский,0.013583673469387754
445,роды,0.013987755102040816
446,пересчитывать,0.015742857142857142
447,188,0.017987755102040814
448,250,0.01964081632653061
449,снилс,0.018457142857142856
450,приёмка,0.0195469387755102
451,шенгенский,0.011473469387755102
452,матвиенко,0.01599591836734694
453,нецелесообразный,0.017379591836734692
454,1/3,0.017069387755102042
455,даниил,0.009922448979591837
456,егоров,0.009922448979591837
457,проактивный,0.01396326530612245
458,«этый,0.01306938775510204
459,рассылать,0.019477551020408164
460,подраздел,0.018922448979591836
461,41%,0.005657142857142857
462,довольствие,0.02040816326530612
463,(переть,0.011763265306122449
464,пристав,0.01183265306122449
465,дорогой,0.01400408163265306
466,вредить,0.009820408163265305
467,прослеживать,0.014763265306122448
468,баталин,0.0073346938775510195
469,озвучить,0.006889795918367346
470,топ,0.014371428571428571
471,ростов-на-дону,0.013620408163265305
472,продлевать,0.009816326530612244
473,накопительный,0.012167346938775508
474,adidas,0.01237142857142857
475,неуплата,0.012277551020408162
476,тимбилдинг,0.013248979591836733
477,тульский,0.010799999999999999
478,возмещать,0.00923265306122449
479,(сфр),0.020065306122448976
480,ежемесячно,0.01274285714285714
481,штрихкод,0.01177142857142857
482,bank,0.012685714285714286
483,гарантийный,0.013420408163265304
484,ввозить,0.007530612244897959
485,«на,0.007481632653061223
486,профзаболевание,0.012608163265306121
487,разовый,0.010555102040816326
488,26%,0.010081632653061223
489,поддельный,0.02034285714285714
490,несвоевременный,0.02040816326530612
491,загранпаспорт,0.008677551020408163
492,комплектующие,0.006726530612244898
493,(противодействия),0.01920816326530612
494,ратифицировать,0.004387755102040816
495,пилотный,0.010057142857142857
496,банкинг,0.010595918367346939
497,864,0.00853877551020408
498,гоз,0.011134693877551019
499,гис,0.007404081632653061
500,графа,0.015616326530612243
501,135,0.005338775510204081
502,спецоперация,0.009632653061224489
503,легализовать,0.0076326530612244895
504,въезжать,0.012159183673469387
505,трудоустройство,0.008791836734693878
506,кризисный,0.012040816326530611
507,общепит,0.008391836734693877
508,350,0.012122448979591836
509,суточный,0.009922448979591837
510,партнёрский,0.011289795918367346
511,активизироваться,0.017289795918367344
512,визовый,0.00957142857142857
513,выгодоприобретатель,0.016028729202762007
514,санаторно-курортный,0.010612244897959183
515,п9,0.008122448979591837
516,собянин,0.011081632653061224
517,окз,0.009726530612244898
518,черногория,0.0076326530612244895
519,6/2020,0.009093877551020407
520,автоконцерн,0.00803265306122449
521,05,0.011195918367346937
522,пп,0.007885714285714286
523,it-бизнес,0.009061224489795917
524,стартап,0.013589432592141761
525,пбу,0.04626869094578479
526,шойгу,0.01277142857142857
527,допуск,0.006685714285714285
528,вечером,0.008175510204081632
529,мессенджер,0.00770204081632653
530,25/2018,0.01089795918367347
531,ппа,0.008877551020408162
532,«об,0.007799999999999999
533,76%,0.008163265306122448
534,тратиться,0.007710204081632653
535,карточный,0.02040816326530612
536,revolut,0.009469387755102041
537,подключиться,0.008448979591836733
538,продление,0.006187755102040816
539,(иис),0.005889795918367347
540,возгорание,0.007791836734693876
541,рсв,0.01743673469387755
542,дебетовый,0.008440816326530612
543,кешбэк,0.0069551020408163255
544,поблажка,0.007583673469387754
545,адвокатский,0.008159183673469387
546,учете»,0.009024489795918366
547,совершенствовать,0.009493877551020408
548,сбп,0.04907806623245574
549,зачислить,0.006089795918367347
550,«кнопка»,0.009306122448979591
551,смартфон,0.007946938775510204
552,предупредительный,0.00583673469387755
553,46%,0.006248979591836735
554,предзаказ,0.007616326530612244
555,990,0.007616326530612244
556,60%,0.006832653061224489
557,непристегнуть,0.009126530612244896
558,внереализационный,0.00843673469387755
559,partners,0.0066489795918367334
560,fix,0.006697959183673469
561,price,0.006697959183673469
562,52,0.006665306122448979
563,росреестр,0.004518367346938775
564,вредоносный,0.006032653061224489
565,859%,0.006493877551020408
566,выездной,0.006493877551020408
567,мфц,0.006244897959183673
568,силуановый,0.006310204081632652
569,провайдер,0.0049387755102040815
570,онлайн-школа,0.007310204081632653
571,графика,0.011620408163265306
572,гир,0.006624489795918367
573,бо,0.006624489795918367
574,товаропроизводитель,0.005232653061224489
575,€1000,0.006591836734693877
576,хозпостройка,0.008106122448979592
577,(центробанк,0.007053061224489796
578,цб),0.007053061224489796
579,«двигать»,0.007053061224489796
580,4%,0.004648979591836734
581,«клеркпремиум»,0.005881632653061224
582,29,0.008518367346938775
583,финляндия,0.006191836734693877
584,9%,0.005473469387755101
585,нк),0.006408163265306122
586,аутсорсинг,0.006473469387755101
587,«клерк»,0.00703265306122449
588,124%,0.00536734693877551
589,предпенсионер,0.006138775510204081
590,2018,0.006314285714285714
591,appstore,0.006142857142857142
592,киргизия,0.006987755102040815
593,нежилой,0.00620408163265306
594,неограниченный,0.005432653061224489
595,3%,0.0068081632653061224
596,удалённый,0.005914285714285714
597,экстренный,0.018722448979591834
598,реорганизовать,0.005416326530612245
599,лизинговый,0.004159183673469387
600,товарооборот,0.005999999999999999
601,приравниваться,0.006187755102040816
602,благотворительность,0.004820408163265306
603,1000,0.008089795918367346
604,рецептурный,0.004514285714285714
605,топ-15,0.005971428571428571
606,просрочить,0.005685714285714285
607,вина,0.004126530612244898
608,запчасть,0.004648979591836734
609,ндд,0.004122448979591836
610,импортёр,0.023363682230987982
611,vk,0.0056408163265306115
612,club,0.006351020408163264
613,фз,0.004812244897959184
614,татарстан,0.0058
615,поощрение,0.003922448979591837
616,капиталовложение,0.003922448979591837
617,дилерский,0.004310204081632653
618,подмосковье,0.005587755102040816
619,депозитарий,0.02040816326530612
620,наравне,0.004306122448979591
621,госкомпания,0.005020408163265305
622,денис,0.0043918367346938774
623,мантур,0.0043918367346938774
624,(от,0.004371428571428571
625,госзакупка,0.0048734693877551015
626,65%,0.004999999999999999
627,56,0.012975510204081633
628,mazda,0.004853061224489795
629,просрочка,0.004408163265306122
630,коронавирус,0.0038734693877551015
631,mazars,0.005424489795918366
632,слиток,0.004583673469387754
633,проинформировать,0.003208163265306122
634,отзывный,0.003208163265306122
635,qiwi,0.004506122448979592
636,32%,0.004869387755102041
637,557,0.004795918367346938
638,восстанавливаться,0.004893877551020408
639,иис,0.004840816326530612
640,unionpay,0.004142857142857143
641,05%,0.004163265306122449
642,24%,0.0036653061224489795
643,некоммерческий,0.003930612244897959
644,перераспределить,0.0032367346938775507
645,экспортёр,0.006608163265306121
646,испытательный,0.0069551020408163255
647,зарегистрироваться,0.006285714285714285
648,москвы»,0.009975510204081632
649,рублёвый,0.02040816326530612
650,депозитарный,0.0031224489795918364
651,замедлиться,0.0028816326530612243
652,(на,0.009134693877551019
653,ужесточение,0.02040816326530612
654,базисный,0.013546938775510203
655,джиоев,0.010061224489795918
656,аналитика,0.02040816326530612
657,134,0.003922448979591837
658,«интерфакс»,0.005832653061224489
659,срзп,0.007248979591836734
660,23%,0.0046326530612244895
661,"""согласие""",0.02040816326530612
662,баррель,0.009812244897959182
663,инвестирование,0.012914285714285713
664,мск,0.0044571428571428574
665,«деловой,0.004510204081632652
666,коррекция,0.02040816326530612
667,неприменение,0.00924081632653061
668,жилищно-коммунальный,0.009559183673469387
669,скупка,0.004889795918367346
670,упростить,0.007265306122448979
671,«этажи»,0.016302040816326527
672,(вэф),0.004314285714285714
673,ernst,0.005183673469387755
674,&amp;,0.005183673469387755
675,young,0.005183673469387755
676,2030,0.0024653061224489793
677,предусмотренный,0.006702040816326531
678,пропорционально,0.009330612244897958
679,зампредседателя,0.02040816326530612
680,совфеда,0.014751020408163264
681,тренд,0.005122448979591836
682,краснов,0.0034408163265306118
683,bloomberg,0.009840816326530612
684,москвой»,0.02040816326530612
685,перерасчёт,0.02040816326530612
686,пассив,0.018351020408163263
687,взыскать,0.003489795918367347
688,недоимка,0.003489795918367347
689,леонид,0.003755102040816326
690,горнина,0.003755102040816326
691,«работару»,0.0073346938775510195
692,вразрез,0.012595918367346937
693,выманивание,0.0046693877551020405
694,инфляционный,0.006848979591836734
695,"""прайм""",0.006616326530612244
696,19,0.005040816326530612
697,карантин,0.012065306122448978
698,денежно-кредитный,0.012440816326530612
699,опек,0.002636734693877551
700,взаимозачёт,0.0036163265306122447
701,2023–2025,0.006061224489795918
702,стойкость,0.02040816326530612
703,чебесков,0.0030326530612244896
704,аудиторов»,0.008016326530612244
705,zoom,0.005293877551020408
706,(мск),0.005959183673469387
707,оговорить,0.02034285714285714
708,трёхлетний,0.003257142857142857
709,стратег,0.02040816326530612
710,бахтин,0.02040816326530612
711,19%,0.003808163265306122
712,“ъ”,0.003420408163265306
713,«известия»,0.020163265306122446
714,наталья,0.002877551020408163
715,дольщик,0.0031428571428571426
716,антироссийский,0.005240816326530611
717,законодательно,0.0027959183673469386
718,новшество,0.0036448979591836733
719,замруководитель,0.0026448979591836732
720,артём,0.007306122448979591
721,потребкредит,0.0030163265306122444
722,фиксация,0.017734693877551017
723,ру»,0.01450204081632653
724,2016,0.0037673469387755096
725,нина,0.004146938775510204
726,останин,0.004146938775510204
727,донбасс,0.00413469387755102
728,владислав,0.008742857142857142
729,суверенный,0.004608163265306122
730,корректировать,0.002759183673469387
731,ускоренный,0.011122448979591837
732,нацвалюта,0.004261224489795918
733,(цмакп),0.009077551020408163
734,"россии""",0.0028693877551020405
735,22h2,0.0037591836734693876
736,перечисление,0.005379591836734693
737,смягчить,0.02040816326530612
738,ек,0.0035673469387755103
739,заботкин,0.02040816326530612
740,укрепиться,0.00533469387755102
741,32,0.006657142857142856
742,клиринговый,0.02040816326530612
743,(нкц),0.02040816326530612
744,нкц,0.02040816326530612
745,сро,0.02195899458765251
746,аас,0.0031265306122448978
747,валерий,0.006595918367346938
748,"""госуслуги""",0.006832653061224489
749,рубля),0.02040816326530612
750,головченко,0.002338775510204081
751,коксоваться,0.001914285714285714
752,2514,0.003763265306122449
753,срочник,0.01020408163265306
754,сержантский,0.01020408163265306
755,австрия,0.01020408163265306
756,2609,0.01020408163265306
757,гигиена,0.01020408163265306
758,соцстрахование,0.01020408163265306
759,надбавка,0.01020408163265306
760,георгиевский,0.01020408163265306
761,высококвалифицированный,0.01020408163265306
762,неправомерно,0.01020408163265306
763,№7,0.01020408163265306
764,10-11,0.006959183673469388
765,обществознание,0.006959183673469388
766,спальная,0.01020408163265306
767,термобельё,0.01020408163265306
768,10-20%,0.01020408163265306
769,платёжка,0.01020408163265306
770,октмый,0.01020408163265306
771,«налоговый,0.01020408163265306
772,тайна»,0.01020408163265306
773,интригующий,0.009342857142857142
774,клерк,0.009342857142857142
775,мерч,0.009342857142857142
776,толстовка,0.009342857142857142
777,принтом,0.009342857142857142
778,стиль!,0.009342857142857142
779,гладков,0.01020408163265306
780,заговаривать,0.01020408163265306
781,ужесточать,0.01020408163265306
782,самовольный,0.01020408163265306
783,дезертирство,0.01020408163265306
784,счетно-сортировальный,0.01020408163265306
785,валидатор,0.01020408163265306
786,115-фз,0.01020408163265306
787,него?,0.01020408163265306
788,отчетностью?,0.01020408163265306
789,«новое,0.01020408163265306
790,люди»,0.01020408163265306
791,решетников,0.01020408163265306
792,скан,0.01020408163265306
793,разбогатеть,0.00889795918367347
794,iт-компания,0.01020408163265306
795,привлекаться,0.01020408163265306
796,брифинг,0.01020408163265306
797,специальности»,0.01020408163265306
798,40-50%,0.006779591836734693
799,медучреждение,0.01020408163265306
800,говорящий,0.01020408163265306
801,квд,0.01020408163265306
802,радикулит,0.01020408163265306
803,сзв-стаж,0.01020408163265306
804,безвизовый,0.01020408163265306
805,сторонний,0.01020408163265306
806,кудрин,0.01020408163265306
807,«яндекс»,0.01020408163265306
808,увозить,0.01020408163265306
809,«кадровый,0.01020408163265306
810,дырами»,0.01020408163265306
811,работник-мужчина,0.01020408163265306
812,«эвакуировали»,0.01020408163265306
813,iт,0.01020408163265306
814,(атор),0.0054571428571428575
815,205,0.01020408163265306
816,якутия,0.01020408163265306
817,авдонин,0.01020408163265306
818,авиабилет,0.00783673469387755
819,хождение,0.008118367346938774
820,44-фз,0.01020408163265306
821,25-го,0.01020408163265306
822,28-быть,0.01020408163265306
823,студент-очник,0.01020408163265306
824,магистратура,0.01020408163265306
825,заочный,0.01020408163265306
826,$100,0.004191836734693877
827,«бумажный,0.01020408163265306
828,привычки»,0.01020408163265306
829,файл,0.01020408163265306
830,невыход,0.007795918367346938
831,образцово,0.005999999999999999
832,раскритиковать,0.007583673469387754
833,иванов,0.01020408163265306
834,анна,0.01020408163265306
835,абрамович,0.01020408163265306
836,изольда,0.01020408163265306
837,призадуматься,0.01020408163265306
838,mcdonald’s,0.008546938775510203
839,3-ндфл,0.01020408163265306
840,13%,0.01020408163265306
841,разворачивать,0.01020408163265306
842,репатриация,0.01020408163265306
843,великобритания,0.0057061224489795915
844,microsoft,0.0061959183673469375
845,раскусить,0.01020408163265306
846,разыграть,0.01020408163265306
847,микроэлектроника,0.0075673469387755096
848,нуждаемость,0.01020408163265306
849,маркетплейс?,0.01020408163265306
850,15%),0.01020408163265306
851,лесопромышленный,0.01020408163265306
852,переориентация,0.01020408163265306
853,спч,0.01020408163265306
854,точен,0.01020408163265306
855,взыскивать,0.008946938775510204
856,внесудебный,0.008946938775510204
857,летательный,0.01020408163265306
858,дтп,0.01020408163265306
859,6038-у,0.01020408163265306
860,нововведение,0.01010204081632653
861,прибалтийский,0.006220408163265306
862,mango,0.01020408163265306
863,zara,0.01020408163265306
864,коворкинг,0.008257142857142857
865,золотовалютный,0.004897959183673469
866,бережливый,0.008506122448979591
867,финорганизация,0.01020408163265306
868,бизнес-омбудсмен,0.006302040816326531
869,«забизнесрф»,0.006302040816326531
870,элина,0.006302040816326531
871,сидоренко,0.006302040816326531
872,136,0.0059469387755102035
873,полмесяца,0.0059469387755102035
874,(без,0.004375510204081633
875,заявлений),0.004375510204081633
876,подмога,0.009808163265306123
877,напрягаться,0.009808163265306123
878,зачем?,0.009808163265306123
879,хотите?»,0.009808163265306123
880,неполученный,0.01020408163265306
881,отчитывать,0.01020408163265306
882,(ить,0.009061224489795917
883,закона),0.009061224489795917
884,(рсв,0.007065306122448979
885,6-ндфл),0.007065306122448979
886,ип-работодатель,0.007065306122448979
887,егрюла,0.01020408163265306
888,егрипа,0.01020408163265306
889,двухуровневый,0.01016734693877551
890,«красный,0.01020408163265306
891,белое»,0.01020408163265306
892,«додый,0.01020408163265306
893,пицца»,0.01020408163265306
894,пицца,0.01020408163265306
895,приём-увольнение,0.01020408163265306
896,lada,0.004175510204081632
897,алименты,0.01020408163265306
898,удерживаться,0.01020408163265306
899,авиасообщение,0.006522448979591836
900,кипр,0.006522448979591836
901,онлайн-касса,0.08869599119346849
902,касательно,0.01020408163265306
903,тёзка,0.006097959183673469
904,отчества),0.006097959183673469
905,суперкомпьютер,0.008444897959183673
906,«т-платформы»,0.008444897959183673
907,подконтрольный,0.009134693877551019
908,упрощенок,0.009134693877551019
909,отгрузить,0.009926530612244897
910,пресекать,0.01020408163265306
911,фсбу?,0.01020408163265306
912,«чрезмерный,0.005653061224489796
913,здоровью!,0.005653061224489796
914,враг!»,0.005653061224489796
915,–31,0.01020408163265306
916,донецкий,0.008016326530612244
917,луганский,0.008016326530612244
918,договорник,0.008751020408163265
919,пароль,0.007102040816326529
920,«газпрома»,0.006710204081632652
921,5103,0.006710204081632652
922,200-210,0.009253061224489796
923,топ-5,0.009253061224489796
924,заморозка,0.007587755102040816
925,«госуслуг»,0.009212244897959184
926,121,0.01020408163265306
927,умерший,0.00983265306122449
928,джерси,0.0056244897959183675
929,гознак,0.00396734693877551
930,полиграфия,0.00396734693877551
931,банкнот,0.00396734693877551
932,марка,0.00396734693877551
933,010722,0.009632653061224489
934,030723,0.009632653061224489
935,14072022,0.01020408163265306
936,№266-фз,0.01020408163265306
937,тренинг,0.006265306122448979
938,оксфордский,0.006142857142857142
939,сверхумный,0.006142857142857142
940,из-под,0.006142857142857142
941,фатальный,0.006142857142857142
942,442%,0.007571428571428571
943,медианный,0.007571428571428571
944,отпускной,0.009183673469387754
945,гасить,0.009995918367346939
946,госслужба,0.006714285714285714
947,920,0.01020408163265306
948,обновиться,0.01020408163265306
949,kb,0.004024489795918367
950,euronet,0.004024489795918367
951,классификатор,0.008579591836734693
952,01012022,0.008579591836734693
953,мусоровоз,0.008579591836734693
954,мошенничество,0.006571428571428571
955,фейковый,0.006571428571428571
956,интернет-площадка,0.008081632653061225
957,креатив,0.008081632653061225
958,«география»,0.007375510204081632
959,курортный,0.004881632653061224
960,кубань,0.004881632653061224
961,ставрополье,0.004881632653061224
962,алтайский,0.004881632653061224
963,вовлечение,0.008955102040816326
964,невостребованный,0.008955102040816326
965,сельхозземеля,0.008955102040816326
966,свериться,0.008955102040816326
967,пальмовый,0.00476734693877551
968,лазейка,0.00476734693877551
969,дедушке»,0.005551020408163266
970,«100,0.005551020408163266
971,км,0.005551020408163266
972,дороги»,0.005551020408163266
973,обособленный,0.005551020408163266
974,ос-09-3-1,0.005551020408163266
975,фиас,0.005551020408163266
976,ежеквартально,0.009379591836734693
977,(оквэда,0.0037959183673469386
978,45203),0.0037959183673469386
979,«технический,0.0037959183673469386
980,автотранспортный,0.0037959183673469386
981,средств»,0.0037959183673469386
982,техобслуживание,0.0037959183673469386
983,неофициально,0.005399999999999999
984,raiffeisen,0.008661224489795918
985,«дочки»,0.008661224489795918
986,изымать,0.006179591836734694
987,астана,0.006179591836734694
988,поощрительный,0.007644897959183673
989,электросамокат,0.006751020408163264
990,пешеходный,0.006751020408163264
991,завозить,0.005057142857142856
992,парфюмерия,0.005057142857142856
993,«доходы»,0.006404081632653061
994,исчерпывающий,0.008163265306122448
995,рассрочка,0.01438073256502393
996,avaya,0.00896734693877551
997,возобновить,0.004861224489795918
998,(передаточный,0.006416326530612244
999,счет-фактура),0.006416326530612244
1000,автошкола,0.005591836734693877
1001,рентабельность,0.005591836734693877
1002,обновлять,0.005591836734693877
1003,автопарк,0.005591836734693877
1004,нереально,0.005591836734693877
1005,коап,0.05300545821484268
1006,однотипный,0.007546938775510204
1007,передаваемый,0.008685714285714284
1008,единогласно,0.0035224489795918365
1009,вхождение,0.0035224489795918365
1010,негодность,0.007804081632653061
1011,рекламировать,0.007799999999999999
1012,р18002,0.006975510204081632
1013,р26001,0.006975510204081632
1014,накопитель,0.008277551020408162
1015,экосистема,0.00510204081632653
1016,оборонка,0.008359183673469387
1017,совмещать,0.008359183673469387
1018,утомляться,0.008359183673469387
1019,работоспособный,0.008359183673469387
1020,закупить,0.004979591836734693
1021,омс,0.004979591836734693
1022,начитаться,0.00823673469387755
1023,налаживание,0.004142857142857143
1024,27%,0.005751020408163264
1025,онлайн-магазин,0.004893877551020408
1026,офлайн,0.004893877551020408
1027,«код,0.007808163265306122
1028,функции»,0.007808163265306122
1029,137,0.0030693877551020406
1030,трансфер,0.004917831236424737
1031,«почта,0.0036448979591836733
1032,пригрозить,0.0062244897959183665
1033,проектировать,0.003742857142857143
1034,копировать,0.003742857142857143
1035,функционал,0.003742857142857143
1036,«закрытии»,0.006967346938775509
1037,топ-менеджер,0.0074367346938775504
1038,домрф,0.00413469387755102
1039,биометрический,0.00413469387755102
1040,«ростелеком»,0.00413469387755102
1041,62,0.006538775510204081
1042,дела!,0.004853061224489795
1043,турпоток,0.004008163265306122
1044,90-95%,0.004008163265306122
1045,доковидный,0.004008163265306122
1046,татьяна,0.005579591836734693
1047,москальков,0.005579591836734693
1048,прошедшее,0.004759183673469387
1049,is,0.005571428571428572
1050,bankasi,0.005571428571428572
1051,denizbank,0.005571428571428572
1052,прерываться,0.00637142857142857
1053,пополнить,0.00637142857142857
1054,эквивалент,0.004661224489795918
1055,(длить,0.007102040816326529
1056,больничных),0.007102040816326529
1057,созвониться,0.006248979591836735
1058,видеосвязь,0.006248979591836735
1059,контактный,0.006248979591836735
1060,480,0.005330612244897959
1061,тендер,0.005318367346938775
1062,изъявить,0.005318367346938775
1063,пробел,0.006885714285714285
1064,сотрудница,0.004416326530612245
1065,онлайн-операция,0.006861224489795918
1066,транзакция,0.006861224489795918
1067,самовывоз,0.006857142857142857
1068,54,0.006857142857142857
1069,локация,0.006857142857142857
1070,шаговый,0.006857142857142857
1071,доступность,0.006857142857142857
1072,кабышев,0.006816326530612244
1073,2147,0.004285714285714285
1074,азартный,0.004285714285714285
1075,лотерея,0.004285714285714285
1076,2007,0.005089795918367347
1077,универмаг,0.005897959183673468
1078,lego,0.004175510204081632
1079,сверяться,0.006587755102040816
1080,елизавета,0.0059183673469387745
1081,ii,0.0059183673469387745
1082,карл,0.0059183673469387745
1083,iii,0.0059183673469387745
1084,пересчёт,0.006497959183673469
1085,«1спредприятие»,0.005665306122448979
1086,8322,0.005665306122448979
1087,корп,0.005665306122448979
1088,лицензий),0.005665306122448979
1089,процессор,0.005665306122448979
1090,arm,0.005665306122448979
1091,правомерность,0.006383673469387755
1092,дома»,0.004746938775510204
1093,дискаунтер,0.004746938775510204
1094,217,0.005555102040816326
1095,случае?,0.006257142857142856
1096,арендодатель,0.04394665627006697
1097,инвентарный,0.0054285714285714284
1098,motor,0.005387755102040816
1099,corporation,0.005387755102040816
1100,акселератор,0.0028816326530612243
1101,«технолидер,0.0028816326530612243
1102,будущего»,0.0028816326530612243
1103,сбой,0.0052530612244897955
1104,h&m,0.006069387755102041
1105,uniqlo,0.006069387755102041
1106,victoria's,0.006069387755102041
1107,secret,0.006069387755102041
1108,57,0.006069387755102041
1109,global,0.00443265306122449
1110,скора,0.006012244897959183
1111,лднр,0.005999999999999999
1112,нагрянуть,0.0059755102040816325
1113,загранкомандировка,0.018174938079075317
1114,авансовый,0.002587755102040816
1115,3/2006,0.002587755102040816
1116,давид,0.005008163265306122
1117,рафаловский,0.005008163265306122
1118,122,0.005004081632653061
1119,парнокопытный,0.0041795918367346935
1120,азия,0.005783673469387754
1121,сзв-м,0.005571428571428572
1122,лицевой,0.0033224489795918364
1123,номинал,0.0033224489795918364
1124,культурно-исторический,0.0033224489795918364
1125,пятигорск,0.0033224489795918364
1126,полноценно,0.005546938775510203
1127,протестировать,0.005546938775510203
1128,(ппа),0.005420408163265306
1129,балльный,0.0031632653061224487
1130,уклонение,0.004787755102040816
1131,капитал»,0.004787755102040816
1132,электромобиль,0.003155102040816326
1133,jac,0.003155102040816326
1134,«москвич»,0.003155102040816326
1135,экскурсионный,0.0031510204081632654
1136,79902,0.0031510204081632654
1137,сэз,0.005559183673469387
1138,севастополь,0.005559183673469387
1139,тянутый,0.0047346938775510205
1140,подключение,0.0047346938775510205
1141,«сбпэй»,0.0047346938775510205
1142,финтех-стартап,0.0047346938775510205
1143,paypal,0.0047346938775510205
1144,онлайн-эквайринг,0.0047346938775510205
1145,pay,0.0047346938775510205
1146,ано,0.0038938775510204077
1147,«цифровой,0.0038938775510204077
1148,экономика»,0.0038938775510204077
1149,ковнир,0.0038938775510204077
1150,компания-разработчик,0.0038938775510204077
1151,«1с»,0.0038938775510204077
1152,случаем,0.004697959183673469
1153,34%,0.0038734693877551015
1154,«аренда»,0.005477551020408164
1155,макропоказатель,0.003020408163265306
1156,«агростартап»,0.003808163265306122
1157,«агропрогресс»,0.003808163265306122
1158,«агротуризм»,0.003808163265306122
1159,завоз,0.0045959183673469385
1160,маткапитал,0.005346938775510204
1161,очерёдность,0.005346938775510204
1162,азербайджан,0.005338775510204081
1163,тушение,0.0053265306122448975
1164,инвентаризация,0.03729589028529493
1165,дебиторский,0.005310204081632653
1166,спекулятивный,0.0028530612244897957
1167,обиход,0.0036571428571428566
1168,этк,0.0036571428571428566
1169,2/3,0.004453061224489796
1170,(плательщик,0.005248979591836734
1171,агента),0.005248979591836734
1172,передоверие,0.005248979591836734
1173,профком,0.004412244897959184
1174,оборонно-промышленный,0.005146938775510203
1175,госконтракт,0.005146938775510203
1176,it-продукт,0.005146938775510203
1177,яндекс,0.004322448979591836
1178,2023-го,0.00513469387755102
1179,37,0.005130612244897959
1180,«пять,0.005118367346938776
1181,ответов»,0.005118367346938776
1182,объяснимый,0.005118367346938776
1183,практик,0.005118367346938776
1184,402-фз,0.005114285714285714
1185,63-фз,0.005114285714285714
1186,27/2021,0.005114285714285714
1187,«документ,0.005114285714285714
1188,rustore,0.0034693877551020408
1189,тинькофф-банк,0.004248979591836734
1190,постпред,0.005061224489795918
1191,«альфа-банк»,0.0050489795918367344
1192,лояльность,0.0050489795918367344
1193,«деньга,0.0050489795918367344
1194,сверху»,0.0050489795918367344
1195,долевой,0.00420408163265306
1196,строительно-монтажный,0.0033673469387755102
1197,демонстративный,0.004171428571428571
1198,дедолларизация,0.004171428571428571
1199,доллар/рубль,0.004171428571428571
1200,отменяться,0.004971428571428571
1201,жку,0.00496734693877551
1202,(как,0.00496734693877551
1203,мобилизованных),0.00496734693877551
1204,«вторичку»,0.004963265306122448
1205,года),0.004110204081632653
1206,львиный,0.00486530612244898
1207,возбуждаться,0.00486530612244898
1208,«честный,0.004044897959183673
1209,знак»,0.004044897959183673
1210,эдо,0.02840909090909091
1211,онлайн-сервис,0.004653061224489796
1212,«моё,0.004653061224489796
1213,дело»,0.004653061224489796
1214,ceo,0.004653061224489796
1215,герштейн,0.004653061224489796
1216,рискованно,0.004824489795918367
1217,придираться,0.004824489795918367
1218,заправка,0.004808163265306122
1219,газомоторный,0.004808163265306122
1220,tls,0.00396734693877551
1221,удостоверять,0.00396734693877551
1222,юридически,0.0039469387755102035
1223,документально,0.003926530612244897
1224,уважительный,0.003926530612244897
1225,выздоровление,0.003926530612244897
1226,брендовый,0.002293877551020408
1227,авить,0.002293877551020408
1228,госаккредитация,0.004681632653061224
1229,«госуслугах»,0.004681632653061224
1230,66%,0.004677551020408162
1231,идентификационный,0.004628571428571428
1232,(иин),0.004628571428571428
1233,мтс,0.003808163265306122
1234,iphone,0.003808163265306122
1235,84,0.003808163265306122
1236,166,0.003808163265306122
1237,«недружественности»,0.003808163265306122
1238,мнс,0.0038
1239,криптовалютный,0.0037959183673469386
1240,окх,0.0037959183673469386
1241,налогоплательщику?,0.004591836734693877
1242,персонифицировать,0.004575510204081632
1243,российско-белорусский,0.004575510204081632
1244,венчурный,0.004538775510204081
1245,softline,0.004538775510204081
1246,venture,0.004538775510204081
1247,mirapolis,0.004538775510204081
1248,hr-процесс,0.004538775510204081
1249,сбермегамарк,0.003714285714285714
1250,перевозить,0.0044938775510204075
1251,(13%,0.0044938775510204075
1252,30%),0.0044938775510204075
1253,77%,0.004477551020408163
1254,руб/€,0.0036571428571428566
1255,унифицировать,0.002840816326530612
1256,госсобственность,0.002840816326530612
1257,«содействие,0.0036530612244897957
1258,занятости»,0.0036530612244897957
1259,бенефициар,0.004465306122448979
1260,(заявка),0.004257142857142857
1261,информирование,0.004444897959183673
1262,стажировка,0.004440816326530612
1263,видеозвонок,0.004404081632653061
1264,загс,0.003346938775510204
1265,юникредит,0.00436734693877551
1266,саратов,0.00436734693877551
1267,(бывший,0.003526530612244898
1268,2-ндфл),0.003526530612244898
1269,интернет-торговля,0.0043265306122448974
1270,(акит;,0.0043265306122448974
1271,dns,0.0043265306122448974
1272,«мвидео–эльдорадо»,0.0043265306122448974
1273,др),0.0043265306122448974
1274,декада,0.004314285714285714
1275,биржевой,0.004314285714285714
1276,it-предприятие,0.003457142857142857
1277,коллектор,0.00426938775510204
1278,онлайн-покупатель,0.003444897959183673
1279,госреестр,0.004244897959183673
1280,осложнить,0.004244897959183673
1281,google,0.004236734693877551
1282,егрн,0.0042163265306122445
1283,«кассирру»,0.004008163265306122
1284,«яндексафиши»,0.004008163265306122
1285,досчитаться,0.004008163265306122
1286,недополучить,0.004008163265306122
1287,рекордно,0.004212244897959183
1288,автодилер,0.0041877551020408155
1289,«рольф»,0.0041877551020408155
1290,пробег,0.0041877551020408155
1291,похозяйственный,0.004171428571428571
1292,биометрия,0.004163265306122449
1293,ипотечник,0.004138775510204081
1294,сидячий,0.00413469387755102
1295,госслужащий,0.00413469387755102
1296,логист,0.00413469387755102
1297,маркетолог,0.00413469387755102
1298,пиарщик,0.00413469387755102
1299,сдэк,0.00413469387755102
1300,bug,0.0033142857142857136
1301,bounty,0.0033142857142857136
1302,онлайн-платёж,0.004118367346938775
1303,криптосчёт,0.004110204081632653
1304,криптокошелёк,0.004110204081632653
1305,покупной,0.004106122448979592
1306,сайт-двойник,0.004089795918367347
1307,переоформить,0.004089795918367347
1308,64%,0.0032367346938775507
1309,телеком,0.0032244897959183673
1310,госпрограмма,0.003204081632653061
1311,распределять,0.004016326530612245
1312,старое,0.0040122448979591835
1313,7/98,0.004
1314,14%,0.003146938775510204
1315,построчно,0.003742857142857143
1316,(хотеть,0.003742857142857143
1317,нет),0.003742857142857143
1318,«вкусно,0.0031142857142857144
1319,точка»,0.0031142857142857144
1320,coca-cola,0.0031142857142857144
1321,«добрый»,0.0031142857142857144
1322,+7,0.0039102040816326525
1323,(495),0.0039102040816326525
1324,276-24-17,0.0039102040816326525
1325,«исправление,0.0039102040816326525
1326,27-фз,0.0039020408163265305
1327,51,0.0038897959183673463
1328,(с,0.003877551020408163
1329,индексации),0.003877551020408163
1330,исчисление,0.003861224489795918
1331,займодавец–,0.0038489795918367343
1332,хабаровский,0.003028571428571428
1333,разрастись,0.0030163265306122444
1334,незащищённый,0.0038326530612244896
1335,возмездный,0.0038326530612244896
1336,пекка,0.003804081632653061
1337,хаависто,0.003804081632653061
1338,ямало-ненецкий,0.0038
1339,доселе,0.0029632653061224487
1340,что-то,0.003779591836734694
1341,эцп,0.026488395560040366
1342,аксёнов,0.002910204081632653
1343,среднерыночный,0.003706122448979592
1344,troy,0.0028693877551020405
1345,постотпускной,0.0036857142857142857
1346,неустойка,0.0036653061224489795
1347,контролироваться,0.0036653061224489795
1348,среднегодовой,0.0036653061224489795
1349,обесценение,0.0036653061224489795
1350,египет,0.003436734693877551
1351,«аэрофлот»,0.0028163265306122448
1352,(пп38,0.0036326530612244895
1353,п3,0.0036326530612244895
1354,потанин,0.0028122448979591838
1355,«норникеле»,0.0028122448979591838
1356,«сертификат»,0.0028122448979591838
1357,аналогично,0.003624489795918367
1358,223-фз,0.003624489795918367
1359,аутсорс,0.003624489795918367
1360,280,0.0036163265306122447
1361,«вконтакте»,0.003591836734693877
1362,ios,0.003591836734693877
1363,фина,0.0035591836734693875
1364,неподсанкционный,0.0035591836734693875
1365,перевозчик,0.0035020408163265303
1366,аграрий,0.0035020408163265303
1367,стройматериал,0.0035020408163265303
1368,168%,0.0026816326530612242
1369,бельгия,0.0034938775510204075
1370,алмазный,0.0034938775510204075
1371,распродажа,0.0026653061224489794
1372,18,0.003481632653061224
1373,«росэлторг»,0.003481632653061224
1374,it-аутсорсинг,0.0034734693877551018
1375,(пак),0.003457142857142857
1376,«стоп,0.003408163265306122
1377,хватит»,0.003408163265306122
1378,«клерк,0.003408163265306122
1379,консультации»,0.003408163265306122
1380,беспилотный,0.003408163265306122
1381,кг,0.003408163265306122
1382,ситибанк,0.0034
1383,осведомить,0.0033795918367346936
1384,фот,0.0033673469387755102
1385,«мсп»,0.002530612244897959
1386,льготник,0.002514285714285714
1387,титановый,0.0033306122448979593
1388,металлопродукция,0.0033306122448979593
1389,ип-репетитор,0.0033224489795918364
1390,5-з,0.0033061224489795917
1391,(товар,0.0033061224489795917
1392,услуг)»,0.0033061224489795917
1393,как-то,0.0032775510204081626
1394,рассчитываться,0.0032775510204081626
1395,фудшеринг,0.003240816326530612
1396,(передача,0.003240816326530612
1397,употребления),0.003240816326530612
1398,(работать,0.003220408163265306
1399,совместительству),0.003220408163265306
1400,онлайн-продажа,0.0031714285714285716
1401,маломобильный,0.0031714285714285716
1402,(ст,0.0023551020408163264
1403,27072006,0.0023551020408163264
1404,152-фз),0.0023551020408163264
1405,безвозмездно,0.00316734693877551
1406,услуги),0.00316734693877551
1407,846%,0.0031591836734693873
1408,бронировать,0.0031591836734693873
1409,предоплата,0.0031591836734693873
1410,соблюсти,0.0031591836734693873
1411,бонус,0.0031591836734693873
1412,автострахование,0.0031265306122448978
1413,откат,0.003110204081632653
1414,статотчёт,0.0030979591836734688
1415,списочный,0.0030979591836734688
1416,среднесписочный,0.0030979591836734688
1417,спиртосодержащий,0.003093877551020408
1418,лицензирование,0.003093877551020408
1419,«яндекса»,0.003089795918367347
1420,контентный,0.003089795918367347
1421,«дзена»,0.003089795918367347
1422,«новостей»,0.003089795918367347
1423,«яндексу»,0.003089795918367347
1424,delivery,0.003089795918367347
1425,«о2ый,0.003089795918367347
1426,холдинг»,0.003089795918367347
1427,нкхп,0.0022693877551020407
1428,«юнипро»,0.0022693877551020407
1429,распределительный,0.003077551020408163
1430,«карточный,0.0030693877551020406
1431,туры»,0.0030693877551020406
1432,базы),0.0030489795918367344
1433,ущемить,0.0030489795918367344
1434,crm,0.0030489795918367344
1435,необязательный,0.0030489795918367344
1436,накладный,0.0030489795918367344
1437,консультирование,0.0030448979591836734
1438,перепродажа,0.003040816326530612
1439,мототехника,0.003040816326530612
1440,северсталь,0.003028571428571428
1441,киржачский,0.0022
1442,александровский,0.0022
1443,«владимир»,0.0022
1444,«открытие»,0.0030122448979591834
1445,man,0.003004081632653061
1446,scania,0.003004081632653061
1447,«яндексмаркет»,0.003004081632653061
1448,электрокар,0.0029877551020408163
1449,479%,0.002983673469387755
1450,(нспк),0.002975510204081633
1451,соцконтракт,0.0029714285714285715
1452,независящий,0.0029632653061224487
1453,38%,0.002946938775510204
1454,минторговля,0.0029265306122448977
1455,таджикский,0.002918367346938775
1456,санировать,0.002918367346938775
1457,конфиденциальный,0.002918367346938775
1458,субсидирование,0.002097959183673469
1459,конфисковать,0.0029061224489795915
1460,473,0.00290204081632653
1461,011,0.00290204081632653
1462,терпеться,0.002897959183673469
1463,01072022,0.0028857142857142853
1464,«сельский,0.0028816326530612243
1465,ипотека»,0.0028816326530612243
1466,игристый,0.002857142857142857
1467,токсичный,0.0028448979591836733
1468,волонтёр,0.0028081632653061224
1469,(код,0.0027918367346938776
1470,478,0.0027918367346938776
1471,4799,0.0027918367346938776
1472,4773),0.0027918367346938776
1473,франшиза,0.0027918367346938776
1474,капиталь,0.0027918367346938776
1475,50%),0.0027918367346938776
1476,приватизировать,0.0027795918367346933
1477,неустановленный,0.0027795918367346933
1478,2000,0.0027795918367346933
1479,(п,0.002775510204081633
1480,76,0.002775510204081633
1481,спецсчёт,0.002775510204081633
1482,808184,0.00276734693877551
1483,85,0.00276734693877551
1484,стандартизация,0.00276734693877551
1485,«лего»,0.00276734693877551
1486,наращивать,0.002759183673469387
1487,утаить,0.0027428571428571424
1488,шрифт,0.0027428571428571424
1489,675%,0.0027265306122448976
1490,2024-2025,0.002722448979591836
1491,№2780-р,0.002722448979591836
1492,судоходство,0.0026816326530612242
1493,вмтс,0.0026775510204081632
1494,«сколтех»,0.0026775510204081632
1495,openran,0.0026775510204081632
1496,5g,0.0026775510204081632
1497,какой-либо,0.0026693877551020404
1498,страховаться,0.0026653061224489794
1499,по-новому,0.0026653061224489794
1500,«авито»,0.0026653061224489794
1501,аэронавигационный,0.0026489795918367347
1502,50-70%,0.0026489795918367347
1503,isuzu,0.0026448979591836732
1504,ульяновск,0.0026448979591836732
1505,многоквартирный,0.002640816326530612
1506,правка,0.0026081632653061223
1507,(в,0.002604081632653061
1508,знаменатель),0.002604081632653061
1509,пдд,0.002604081632653061
1510,«письмо,0.002604081632653061
1511,счастья»,0.002604081632653061
1512,аккаунт,0.0025755102040816327
1513,краудфандинг,0.002551020408163265
1514,«юла»,0.002551020408163265
1515,mailru,0.0025346938775510203
1516,скачать,0.0025346938775510203
1517,«прибыль»,0.0025346938775510203
1518,начисляться,0.0025346938775510203
1519,млнруб,0.0025346938775510203
1520,интернет-магазин,0.002518367346938775
1521,235,0.0025061224489795917
1522,эквайринговый,0.002493877551020408
1523,сжидить,0.0024693877551020408
1524,яркина,0.002461224489795918
1525,преднамеренный,0.002461224489795918
1526,подпадать,0.0024489795918367346
1527,парикмахерская,0.0024489795918367346
1528,верификация,0.002444897959183673
1529,возобновлять,0.002444897959183673
1530,обжалование,0.002440816326530612
1531,контролёр,0.002440816326530612
1532,медосмотр,0.0024367346938775508
1533,(но,0.002420408163265306
1534,рублей),0.002420408163265306
1535,лояльный,0.002420408163265306
1536,допандемийный,0.0024
1537,зарубежье,0.0023877551020408164
1538,банк-эквайер,0.0023755102040816326
1539,госпомощь,0.0023755102040816326
1540,переобучение,0.002363265306122449
1541,«демография»,0.002363265306122449
1542,138,0.002363265306122449
1543,туробъект,0.0023020408163265302
1544,плацкартный,0.0022734693877551016
1545,бесперебойно,0.0022693877551020407
1546,грузооборот,0.002240816326530612
1547,контрабанда,0.002240816326530612
1548,утрачивать,0.0022326530612244897
1549,егаис,0.0022326530612244897
1550,лицензионный,0.002216326530612245
1551,юрлицо-лицензиар,0.002216326530612245
1552,(рао),0.002216326530612245
1553,29%,0.0022081632653061225
1554,1187%,0.002204081632653061
1555,184142,0.002204081632653061
1556,авиаперелёт,0.0021877551020408163
1557,некредитный,0.0021755102040816325
1558,наводнение,0.0021755102040816325
1559,разниться,0.002171428571428571
1560,ингушетия,0.002171428571428571
1561,тинькофф,0.002171428571428571
1562,утилизационный,0.0021591836734693877
1563,обанкротить,0.002130612244897959
1564,сельхозпродукция,0.002114285714285714
1565,ветеринарный,0.002114285714285714
1566,фитосанитарный,0.002114285714285714
1567,«мыть,0.002114285714285714
1568,экспорт»,0.002114285714285714
1569,бкс,0.00210204081632653
1570,вывозной,0.0020938775510204078
1571,душанбе,0.0020857142857142854
1572,компания-собственник,0.002061224489795918
1573,174%,0.0020448979591836734
1574,269%,0.0020448979591836734
1575,«выплата,0.0020122448979591834
1576,самозанятых»,0.0020122448979591834
1577,бизнес-карта,0.0019877551020408162
1578,5000,0.0019877551020408162
1579,постаматовый,0.0019877551020408162
1580,завезти,0.0019755102040816324
1581,некачественный,0.0019755102040816324
1582,контрафактный,0.0019755102040816324
1583,безлимитный,0.0019714285714285715
1584,24/7,0.0019714285714285715
1585,248,0.0019551020408163262
1586,79%,0.0018979591836734693
1587,686,0.0018979591836734693
1588,74,0.0018979591836734693
1589,долларовый,0.0018693877551020407
1590,ртс,0.0018693877551020407
1591,фрахтование,0.001857142857142857
1592,«автоваз»,0.0018244897959183671
1593,мотивационный,0.001820408163265306
1594,расследовать,0.0017877551020408161
1595,«малый,0.001763265306122449
1596,испания,0.0017551020408163262
1597,эмигрировать,0.0017551020408163262
1598,цифровизация,0.0017510204081632652
1599,переоценка,0.0017387755102040814
1600,ларь,0.001677551020408163
1601,включительно,0.0016367346938775508
1602,разослать,0.0016285714285714284
1603,принадлежащий,0.0016285714285714284
1604,первичка,0.0015346938775510203
1605,бюджетник,0.0015346938775510203
1606,30032015,0.0015346938775510203
1607,52н,0.0015346938775510203
1608,кс-2,0.0015346938775510203
1609,кс-3,0.0015346938775510203
1610,переключиться,0.0014571428571428572
1611,obi,0.0014408163265306122
1612,адресный,0.00016326530612244898
1613,обмундирование,0.00016326530612244898
1614,работница,0.0022979591836734693
1615,контрагентом),0.0022979591836734693
1616,исчисляться,0.0018244897959183671
1617,нефтепродукт,0.005008163265306122
1618,новак,0.005008163265306122
1619,"""на",0.005008163265306122
1620,"абсурд""",0.005008163265306122
1621,перевозочный,0.0024244897959183674
1622,(гис,0.0024244897959183674
1623,эпд),0.0024244897959183674
1624,эпд,0.0024244897959183674
1625,подведомственный,0.0024244897959183674
1626,фгуп,0.0024244897959183674
1627,"""защитаинфотранс""",0.0024244897959183674
1628,интернет-портал,0.0020285714285714286
1629,(02092022),0.0032367346938775507
1630,60237,0.0032367346938775507
1631,602842,0.0032367346938775507
1632,"""большой",0.00706938775510204
1633,"четверки""",0.00706938775510204
1634,аудитор,0.00706938775510204
1635,pwc,0.00706938775510204
1636,ey,0.00706938775510204
1637,kpmg,0.00706938775510204
1638,deloitte,0.00706938775510204
1639,конфиденциальность,0.0046326530612244895
1640,«дружественных»,0.00886938775510204
1641,паня,0.01020408163265306
1642,eduson,0.002975510204081633
1643,высылать,0.002975510204081633
1644,упрощение,0.004481632653061224
1645,ценовый,0.0015224489795918367
1646,(бп),0.006710204081632652
1647,дефляция,0.0013999999999999998
1648,продолжиться,0.0013999999999999998
1649,01%,0.0013999999999999998
1650,139%,0.0013999999999999998
1651,консенсус-прогноз,0.0013999999999999998
1652,рэу,0.0030081632653061225
1653,лебединский,0.0030081632653061225
1654,архивный,0.0030081632653061225
1655,фг,0.01020408163265306
1656,"""калита-финанс""",0.01020408163265306
1657,голубовский,0.01020408163265306
1658,копить,0.01020408163265306
1659,нпа,0.0031346938775510197
1660,квартиросъёмщик,0.01020408163265306
1661,недвижимости?,0.01020408163265306
1662,регистрационный,0.01020408163265306
1663,(03092022),0.0018
1664,603713,0.0018
1665,602187,0.0018
1666,449,0.0015999999999999999
1667,33%,0.0015999999999999999
1668,«мораторий,0.0029265306122448977
1669,завершается»,0.0029265306122448977
1670,военно-патриотический,0.0026693877551020404
1671,ddos-атака,0.0044571428571428574
1672,отгрузка,0.0044571428571428574
1673,црпт,0.0044571428571428574
1674,затягивание,0.0033510204081632655
1675,усугубить,0.0033510204081632655
1676,энергоресурсы,0.0033510204081632655
1677,2008,0.0033510204081632655
1678,всмеирный,0.0033510204081632655
1679,«два,0.007216326530612245
1680,кучки»,0.007216326530612245
1681,закладывать,0.003326530612244898
1682,сжатие,0.003326530612244898
1683,тулина,0.00276734693877551
1684,общедоступный,0.01020408163265306
1685,назреть,0.007828571428571428
1686,125,0.0019632653061224486
1687,g7,0.0019632653061224486
1688,goldman,0.0019632653061224486
1689,sachs,0.0019632653061224486
1690,«медвежий,0.0019632653061224486
1691,бычий,0.0019632653061224486
1692,06092022,0.002016326530612245
1693,609033,0.002016326530612245
1694,532,0.002016326530612245
1695,601408,0.002016326530612245
1696,неэффективный,0.0023224489795918364
1697,нифя,0.0023224489795918364
1698,финансово,0.0023224489795918364
1699,глобус,0.002751020408163265
1700,подстелить,0.002751020408163265
1701,соломка,0.002751020408163265
1702,б1,0.002751020408163265
1703,скачивание,0.006008163265306122
1704,"""присматривает""",0.0018734693877551021
1705,коллекторский,0.0018734693877551021
1706,20-летний,0.0035591836734693875
1707,«северный,0.0035591836734693875
1708,поток»,0.0035591836734693875
1709,07%,0.0035591836734693875
1710,$0988,0.0035591836734693875
1711,форекс,0.0035591836734693875
1712,0902,0.0035591836734693875
1713,косиновый,0.0017224489795918366
1714,консалтинг,0.0017224489795918366
1715,профиль»,0.0017224489795918366
1716,(роструд),0.005522448979591837
1717,применимый,0.005522448979591837
1718,«приход»,0.0030081632653061225
1719,кирилл,0.00533469387755102
1720,данилов,0.00533469387755102
1721,задействоваться,0.0002040816326530612
1722,консенсус,0.0032122448979591835
1723,корректироваться,0.0032122448979591835
1724,подешеветь,0.005759183673469387
1725,обрастать,0.006012244897959183
1726,тимофеев,0.00906938775510204
1727,роспотребнадзор,0.009620408163265304
1728,предписать,0.0011551020408163263
1729,беззарплатный,0.0022857142857142855
1730,ошибочно,0.0022857142857142855
1731,ильдар,0.004159183673469387
1732,хусаин,0.004159183673469387
1733,понижать,0.0007999999999999999
1734,козлов,0.0007999999999999999
1735,07092022,0.0017020408163265306
1736,608544,0.0017020408163265306
1737,49,0.0017020408163265306
1738,консалтинговый,0.0025918367346938775
1739,the,0.0025918367346938775
1740,wall,0.0025918367346938775
1741,street,0.0025918367346938775
1742,journal,0.0025918367346938775
1743,"""ожидаться",0.0025918367346938775
1744,николаев,0.0033306122448979593
1745,собранный,0.005171428571428572
1746,госучёт,0.0005061224489795918
1747,пренебрежение,0.0005061224489795918
1748,(акорт),0.0031714285714285716
1749,обувной,0.0031714285714285716
1750,текстильный,0.0031714285714285716
1751,бизнес-организация,0.0031714285714285716
1752,m2,0.005795918367346938
1753,"""череза",0.0023061224489795916
1754,"голову""",0.0023061224489795916
1755,сотрудник компенсировать,0.008212244897959183
1756,такие расход,0.008212244897959183
1757,неотработанный,0.008212244897959183
1758,вэб,0.0010489795918367346
1759,шувалов,0.0010489795918367346
1760,навредить,0.0010489795918367346
1761,зоомагазин,0.0020122448979591834
1762,бурмат,0.0020122448979591834
1763,комплектация,0.004869387755102041
1764,"""нафаршировано""",0.004869387755102041
1765,08092022,0.001889795918367347
1766,611814,0.001889795918367347
1767,327,0.001889795918367347
1768,605458,0.001889795918367347
1769,орлов,0.00593469387755102
1770,валентина,0.00593469387755102
1771,слитковый,0.001677551020408163
1772,спред,0.001677551020408163
1773,фёдор,0.003706122448979592
1774,сидоров,0.003706122448979592
1775,дешеветь,0.003706122448979592
1776,«хотеть,0.0035142857142857137
1777,генпрокурор,0.002440816326530612
1778,генпрокуратура,0.002440816326530612
1779,причинение,0.002440816326530612
1780,рецессия,0.00695166835680784
1781,ранхигс,0.01020408163265306
1782,юрий,0.01020408163265306
1783,юденковы,0.01020408163265306
1784,«пока,0.0015918367346938775
1785,сложится»,0.0015918367346938775
1786,126,0.0026979591836734694
1787,разъяснять,0.004575510204081632
1788,(фнс),0.0014163265306122448
1789,орешкин,0.004718367346938775
1790,"""токсичными""",0.004718367346938775
1791,"""латвия",0.0012530612244897959
1792,оперативно,0.0012816326530612242
1793,денонсация,0.0012816326530612242
1794,оспаривать,0.007559183673469388
1795,необоснованно,0.007559183673469388
1796,переплачивать,0.007559183673469388
1797,санитизация,0.0012979591836734695
1798,(банковский,0.0012979591836734695
1799,пр),0.0012979591836734695
1800,удлинить,0.009175510204081631
1801,удлинение,0.009175510204081631
1802,"""дистанционных""",0.0013142857142857142
1803,максимизировать,0.0013142857142857142
1804,"""удаленщиков""",0.0013142857142857142
1805,«качество,0.0011959183673469387
1806,бумаг»,0.0011959183673469387
1807,09092022,0.0029551020408163267
1808,60801,0.0029551020408163267
1809,38,0.0029551020408163267
1810,606952,0.0029551020408163267
1811,многополярный,0.0032285714285714283
1812,"""ещё",0.0032285714285714283
1813,суток),0.0015795918367346937
1814,2023-м,0.01020408163265306
1815,статс-секретарь,0.01020408163265306
1816,производный,0.0025061224489795917
1817,«что,0.0011877551020408163
1818,происходит»,0.0011877551020408163
1819,продвигать,0.0011673469387755101
1820,трансграничный,0.0011673469387755101
1821,«мы,0.0011673469387755101
1822,сопрягаться,0.0011673469387755101
1823,владивостокский,0.001
1824,"""интерфаксу""",0.001
1825,надзорный,0.001
1826,порой,0.008375510204081631
1827,избавление,0.003081632653061224
1828,«токсичных»,0.003081632653061224
1829,генсовет,0.002787755102040816
1830,правопорядок,0.002787755102040816
1831,хаминский,0.002787755102040816
1832,рекрутинговый,0.00433469387755102
1833,headhunter,0.00433469387755102
1834,2132,0.00433469387755102
1835,«самай,0.01020408163265306
1836,белья»,0.01020408163265306
1837,«наименее,0.01020408163265306
1838,безобразный,0.01020408163265306
1839,красоты»,0.01020408163265306
1840,«в,0.01020408163265306
1841,одноглазый,0.01020408163265306
1842,—царь»,0.01020408163265306
1843,основополагающий,0.0069387755102040816
1844,«дополнительный,0.0015714285714285713
1845,bankirosru,0.01020408163265306
1846,входящий,0.0030244897959183672
1847,сальдо,0.021242317218603795
1848,енс,0.0030244897959183672
1849,госпошлина,0.0030244897959183672
1850,10092022,0.00276734693877551
1851,604696,0.00276734693877551
1852,331,0.00276734693877551
1853,элизабет,0.003791836734693877
1854,розенберг,0.003791836734693877
1855,мереть,0.0032326530612244897
1856,(83%),0.003326530612244898
1857,67%,0.003326530612244898
1858,крыться,0.0025632653061224485
1859,фишинговый,0.0025632653061224485
1860,макроэкономист,0.002457142857142857
1861,криптоэнтузиаст,0.002457142857142857
1862,биткоина,0.002457142857142857
1863,фиат,0.002457142857142857
1864,лакмусовый,0.005318367346938775
1865,перестраиваться,0.005318367346938775
1866,стабильно,0.005318367346938775
1867,сытно,0.005318367346938775
1868,госсектор,0.005318367346938775
1869,отвыкать,0.005318367346938775
1870,затоваривание,0.0018734693877551021
1871,распространитель,0.0027265306122448976
1872,погребение,0.0032285714285714283
1873,13092022,0.002257142857142857
1874,604568,0.002257142857142857
1875,удвоение,0.006183673469387754
1876,рудна,0.003804081632653061
1877,лариса,0.003804081632653061
1878,сорокин,0.003804081632653061
1879,прибыльность,0.005399999999999999
1880,«эксперт»,0.005399999999999999
1881,обухов,0.005399999999999999
1882,ущербность,0.004579591836734693
1883,косметический,0.004579591836734693
1884,covid,0.007755102040816326
1885,замедление,0.007755102040816326
1886,"""дорожный",0.0024653061224489793
1887,"карте""",0.0024653061224489793
1888,общеустановленный,0.006293877551020408
1889,конвертировать,0.01020408163265306
1890,доллары/евро,0.01020408163265306
1891,по-видимому,0.01020408163265306
1892,(кии),0.009612244897959182
1893,"""срубить""",0.0034040816326530612
1894,гармонизация,0.0008653061224489795
1895,картель,0.0013183673469387754
1896,10003,0.0013183673469387754
1897,конъюнктурный,0.004085714285714285
1898,ниу,0.004085714285714285
1899,вшэ,0.004085714285714285
1900,георгий,0.004085714285714285
1901,остапкович,0.004085714285714285
1902,интервенция,0.01020408163265306
1903,бирюков,0.01020408163265306
1904,«курс,0.01020408163265306
1905,"""листках""",0.003518367346938775
1906,"""хвост""",0.004644897959183673
1907,14092022,0.003979591836734694
1908,600676,0.003979591836734694
1909,389,0.003979591836734694
1910,"""размазать""",0.0042
1911,самообслуживание,0.002
1912,вкладчик,0.0016612244897959182
1913,2017,0.01020408163265306
1914,сотка,0.01020408163265306
1915,«будущее»,0.01020408163265306
1916,биезбардис,0.01020408163265306
1917,deitaru,0.01020408163265306
1918,(ндс),0.0026775510204081632
1919,усовершенствовать,0.0063265306122448975
1920,бонусный,0.0063265306122448975
1921,—в,0.0013061224489795918
1922,47%,0.0013061224489795918
1923,подряд?,0.00620408163265306
1924,уточняться,0.0016857142857142856
1925,тему«изменение,0.004395918367346939
1926,(профессиональной),0.004395918367346939
1927,солидарный,0.0017061224489795916
1928,движимый,0.0017061224489795916
1929,(сзпк),0.0009183673469387754
1930,захаров,0.01020408163265306
1931,интервью rt назвать,0.01020408163265306
1932,под/фт,0.0010530612244897958
1933,fatca,0.0010530612244897958
1934,базель,0.0010530612244897958
1935,соловьёв,0.007146938775510204
1936,непродовольственный,0.007146938775510204
1937,зачислять,0.0011142857142857144
1938,казначейский,0.0011142857142857144
1939,удовлетворяться,0.007138775510204081
1940,173061-8,0.0013428571428571426
1941,интернете;,0.0013428571428571426
1942,доначислить,0.007420408163265305
1943,(основному),0.007420408163265305
1944,хозсубъект,0.007420408163265305
1945,15092022,0.004542857142857143
1946,597751,0.004542857142857143
1947,293,0.004542857142857143
1948,69%,0.0021551020408163263
1949,36%,0.0021551020408163263
1950,собеседование,0.0021551020408163263
1951,безвозмездный,0.0019387755102040815
1952,230,0.0012612244897959183
1953,преимущественное право работник,0.0028897959183673467
1954,трудоустроиться,0.0019346938775510203
1955,"""зарплата",0.0019346938775510203
1956,судиться,0.01020408163265306
1957,добросовестно,0.0018693877551020407
1958,"""кешбеке""",0.0018693877551020407
1959,несогласие,0.003355102040816326
1960,неуполномоченный,0.004310204081632653
1961,rambler&amp;co,0.0015795918367346937
1962,«сберстрахование,0.0015795918367346937
1963,жизни»,0.0015795918367346937
1964,четырёхлетний,0.0010612244897959182
1965,учен,0.005224489795918367
1966,среднепрофессиональный,0.005224489795918367
1967,индивидуально,0.0010122448979591836
1968,мисселинг,0.0015387755102040815
1969,уточненка,0.004926530612244897
1970,ям,0.008367346938775508
1971,гост,0.008367346938775508
1972,16092022,0.0018489795918367345
1973,596663,0.0018489795918367345
1974,109,0.0018489795918367345
1975,596196,0.0018489795918367345
1976,донастройка,0.01020408163265306
1977,необлагаемый,0.01020408163265306
1978,119,0.004991836734693877
1979,санитарно-эпидемиологический,0.001530612244897959
1980,"""праздничный",0.001530612244897959
1981,"сентября""",0.001530612244897959
1982,марте–июнь,0.0016530612244897958
1983,778,0.0016530612244897958
1984,аудиторско-консалтинговый,0.0016530612244897958
1985,finexpertiza,0.0016530612244897958
1986,голованов,0.0020122448979591834
1987,урсула,0.0012530612244897959
1988,дер,0.0012530612244897959
1989,ляйена,0.0012530612244897959
1990,обслуживающий,0.0018612244897959183
1991,(акон),0.0018612244897959183
1992,(тсж),0.0018612244897959183
1993,78%,0.00526938775510204
1994,прессинг,0.00526938775510204
1995,большегруз,0.0017918367346938776
1996,45,0.01020408163265306
1997,инвестбанк,0.0024653061224489793
1998,"""несоблюдение",0.01020408163265306
1999,"рф""",0.01020408163265306
2000,39,0.008212244897959183
2001,из–з,0.008212244897959183
2002,17092022,0.00310204081632653
2003,600316,0.00310204081632653
2004,365,0.00310204081632653
2005,59874,0.00310204081632653
2006,швейцария,0.001930612244897959
2007,стабилизировать,0.004571428571428571
2008,пунктов),0.006836734693877551
2009,тушить,0.0024653061224489793
2010,транш,0.0018816326530612245
2011,трёхмесячный,0.0018816326530612245
2012,купон,0.0018816326530612245
2013,евробондать,0.0018816326530612245
2014,«россия-2023»,0.0018816326530612245
2015,«россия-2043»,0.0018816326530612245
2016,(внести,0.00526938775510204
2017,иноагентов),0.00526938775510204
2018,держатель,0.004657142857142856
2019,беспроцентный,0.004657142857142856
2020,порекомендовать,0.004657142857142856
2021,пополнять,0.004657142857142856
2022,кредиторский,0.002865306122448979
2023,г-н,0.003138775510204081
2024,лазарев,0.003138775510204081
2025,«москва,0.003138775510204081
2026,китчен,0.003138775510204081
2027,хаус»,0.003138775510204081
2028,«москоу-дэсижн»,0.003138775510204081
2029,(фас),0.005555102040816326
2030,"""пятый",0.005555102040816326
2031,"пакета""",0.005555102040816326
2032,ht,0.0006244897959183672
2033,lab,0.0006244897959183672
2034,должность;,0.0006244897959183672
2035,"""справедливый",0.004008163265306122
2036,"правду""",0.004008163265306122
2037,(срзп),0.004008163265306122
2038,сверхбогатый,0.004008163265306122
2039,20092022,0.0022693877551020407
2040,601662,0.0022693877551020407
2041,600426,0.0022693877551020407
2042,зерновой,0.0018693877551020407
2043,(рзс),0.0018693877551020407
2044,квотирование,0.0018693877551020407
2045,(быть,0.0018693877551020407
2046,неоплачиваемый,0.003583673469387755
2047,волеизъявление,0.003583673469387755
2048,(заявления),0.003583673469387755
2049,ущемлять,0.003583673469387755
2050,вознаграждение,0.003583673469387755
2051,медизделие,0.0019265306122448977
2052,минздрав,0.0019265306122448977
2053,агропромышленный,0.0019061224489795917
2054,"""с",0.0019061224489795917
2055,«юридический,0.0014081632653061224
2056,адрес»,0.0014081632653061224
2057,бизнес-среда,0.0014081632653061224
2058,«мариллион»,0.0028489795918367343
2059,подписаться,0.0028489795918367343
2060,telegram,0.0028489795918367343
2061,"""санкционные""",0.006012244897959183
2062,профстандарт,0.0013632653061224488
2063,актуализировать,0.0013632653061224488
2064,проектировщик,0.0013632653061224488
2065,изыскатель,0.0013632653061224488
2066,(ноприз),0.0013632653061224488
2067,прокопьев,0.0013632653061224488
2068,92-быть,0.01020408163265306
2069,общедомовый,0.01020408163265306
2070,господдержка,0.0014979591836734693
2071,судоремонтный,0.0014979591836734693
2072,обнуление,0.0014979591836734693
2073,«судоремонт,0.0014979591836734693
2074,комплектующие»,0.0014979591836734693
2075,ценностям?,0.004167346938775509
2076,злоупотреблять,0.004167346938775509
2077,безопасно?,0.004167346938775509
2078,бессрочный,0.002216326530612245
2079,ежесуточный,0.002216326530612245
2080,метелевый,0.0027918367346938776
2081,парламентарий,0.0027918367346938776
2082,перезапустить,0.0012367346938775509
2083,дёмин,0.0012367346938775509
2084,21092022,0.0019224489795918367
2085,600158,0.0019224489795918367
2086,600507,0.0019224489795918367
2087,администрирование,0.0013632653061224488
2088,ян,0.0020897959183673468
2089,лантратов,0.0020897959183673468
2090,«автоваза»,0.0020897959183673468
2091,обивать,0.0022857142857142855
2092,"""запасный",0.005342857142857142
2093,"аэродром""",0.005342857142857142
2094,"""преследует""",0.005342857142857142
2095,делать?,0.005342857142857142
2096,упразднять,0.001530612244897959
2097,долгов,0.0015999999999999999
2098,макропруденциальный,0.0015999999999999999
2099,(мпл),0.0015999999999999999
2100,необеспеченный,0.0015999999999999999
2101,«м»,0.0018
2102,п7,0.0018
2103,71,0.0018
2104,№129,0.0018
2105,разоблачить,0.01020408163265306
2106,занесение,0.0013387755102040816
2107,несостоятельность,0.0020571428571428568
2108,выручать,0.01020408163265306
2109,(например,0.01020408163265306
2110,такси),0.01020408163265306
2111,проектировка,0.0019183673469387753
2112,нефтегазовый,0.0019183673469387753
2113,святенко,0.008816326530612244
2114,"""длить",0.008816326530612244
2115,самодостаточность,0.003065306122448979
2116,ремонтировать,0.01020408163265306
2117,(тосэр),0.0017265306122448978
2118,заявительный,0.0017265306122448978
2119,ссудный,0.003640816326530612
2120,спекуляция,0.0058333849240570015
2121,системно,0.01020408163265306
2122,целесообразно,0.0021183673469387754
2123,петрушин,0.005195918367346938
2124,"""налоги""",0.005195918367346938
2125,гос-,0.002171428571428571
2126,22092022,0.002587755102040816
2127,608685,0.002587755102040816
2128,853,0.002587755102040816
2129,60211,0.002587755102040816
2130,шмак,0.0014897959183673467
2131,"""категория",0.01020408163265306
2132,"""мобилизовать",0.007783673469387755
2133,сочи,0.01020408163265306
2134,«работа,0.01020408163265306
2135,безотзывность,0.001036734693877551
2136,совый,0.001036734693877551
2137,(неформальный,0.0021224489795918363
2138,секторе),0.0021224489795918363
2139,(–15,0.0021224489795918363
2140,–10%,0.0021224489795918363
2141,выражении),0.0021224489795918363
2142,секторальный,0.0021224489795918363
2143,трудоустроить,0.0021224489795918363
2144,ухудшать,0.005338775510204081
2145,обуздать,0.005338775510204081
2146,иена,0.0052530612244897955
2147,побочный,0.0052530612244897955
2148,фрс,0.0052530612244897955
2149,вселять,0.002
2150,анонс,0.002
2151,кбк-2023,0.002
2152,вноситься,0.002
2153,унифицироваться,0.00420408163265306
2154,пск,0.002722448979591836
2155,«алексстрой»,0.002722448979591836
2156,обворовывать,0.002722448979591836
2157,гаражный,0.002722448979591836
2158,подрывать,0.003081632653061224
2159,«по,0.003081632653061224
2160,диабет,0.0015183673469387753
2161,таможенно-тарифный,0.0015183673469387753
2162,переноситься,0.004277551020408163
2163,сгенерировать,0.004277551020408163
2164,промостраница,0.004277551020408163
2165,инженерия,0.0015591836734693875
2166,кибермошенничество,0.0015591836734693875
2167,23092022,0.0020326530612244896
2168,598318,0.0020326530612244896
2169,589388,0.0020326530612244896
2170,xix,0.0033510204081632655
2171,трудинспекция,0.0019387755102040815
2172,телеграмм-канал,0.0017510204081632652
2173,балансовый,0.0016448979591836734
2174,(profit&amp;loss,0.0016448979591836734
2175,p&amp;l),0.0016448979591836734
2176,ведяхина,0.0018734693877551021
2177,костин,0.0018734693877551021
2178,(мсп),0.0013183673469387754
2179,трудоспособный,0.01020408163265306
2180,полсотни,0.00526938775510204
2181,20–30,0.00526938775510204
2182,«известиями»,0.00526938775510204
2183,акр,0.00526938775510204
2184,экс-зампред,0.00526938775510204
2185,сухов,0.00526938775510204
2186,соискатель,0.0018612244897959183
2187,426-фз,0.0018693877551020407
2188,"спецоценке""",0.0018693877551020407
2189,ознакомить,0.0018693877551020407
2190,сотрудника с,0.0018693877551020407
2191,(еэк),0.004881632653061224
2192,ия,0.004881632653061224
2193,малкин,0.004881632653061224
2194,укрепляться,0.01020408163265306
2195,виток,0.01020408163265306
2196,нисходящий,0.01020408163265306
2197,пчтница,0.01020408163265306
2198,«бкс,0.01020408163265306
2199,инвестиций»,0.01020408163265306
2200,89,0.0019224489795918367
2201,единовременный,0.003130612244897959
2202,630,0.003130612244897959
2203,пояснительный,0.003130612244897959
2204,засчитывать,0.0029591836734693872
2205,восполнить,0.002130612244897959
2206,говядина,0.002130612244897959
2207,(24092022),0.0033673469387755102
2208,581006,0.0033673469387755102
2209,73,0.0033673469387755102
2210,564751,0.0033673469387755102
2211,спам-рассылка,0.008763265306122448
2212,agent,0.008763265306122448
2213,tesla,0.008763265306122448
2214,"""лаборатория",0.008763265306122448
2215,"касперского""",0.008763265306122448
2216,изобретательный,0.008763265306122448
2217,зловредный,0.008763265306122448
2218,высокотехнологичный,0.003020408163265306
2219,ит-компания,0.003020408163265306
2220,2011,0.002110204081632653
2221,516,0.002110204081632653
2222,72,0.002110204081632653
2223,kaminsky,0.002110204081632653
2224,stepanov,0.002110204081632653
2225,and,0.002110204081632653
2226,каминский,0.002110204081632653
2227,«ъ»,0.002110204081632653
2228,«правовой,0.002110204081632653
2229,реальности»,0.002110204081632653
2230,просчитать,0.004110204081632653
2231,подпасть,0.002497959183673469
2232,минобрнауки,0.0018326530612244897
2233,сми,0.009199999999999998
2234,непривлечение,0.009199999999999998
2235,высокотехнологический,0.009199999999999998
2236,преимущественный,0.002040816326530612
2237,телекоммуникационный,0.002040816326530612
2238,5895,0.0017510204081632652
2239,779,0.0017510204081632652
2240,дисконт,0.08528460691679662
2241,"""объясняемрф""",0.009514285714285713
2242,(фнб),0.0029918367346938777
2243,снг,0.0029918367346938777
2244,ик,0.0029918367346938777
2245,"""ренессанс",0.0029918367346938777
2246,"""приостановить",0.002661224489795918
2247,латвийский,0.002661224489795918
2248,27092022,0.004057142857142857
2249,57999,0.004057142857142857
2250,559278,0.004057142857142857
2251,казахстанский,0.0036204081632653057
2252,данияр,0.0036204081632653057
2253,нурсеит,0.0036204081632653057
2254,пао,0.0036204081632653057
2255,«коллегия,0.0036204081632653057
2256,«больший,0.0036204081632653057
2257,четверка»,0.0036204081632653057
2258,(48%),0.009322448979591835
2259,(36%),0.009322448979591835
2260,маркетинга/pr/реклама,0.009322448979591835
2261,(34%),0.009322448979591835
2262,(31%),0.009322448979591835
2263,(26%),0.009322448979591835
2264,27-го,0.002457142857142857
2265,контейнерный,0.0002326530612244898
2266,fcl,0.0002326530612244898
2267,covid-19,0.0002326530612244898
2268,отсечение,0.0016163265306122449
2269,(мрот),0.009020408163265305
2270,"""одобрить",0.009020408163265305
2271,комфортный,0.0028122448979591838
2272,"""бкс",0.0028122448979591838
2273,"инвестиций""",0.0028122448979591838
2274,зельцер,0.0028122448979591838
2275,оаэ,0.00031428571428571427
2276,среднесрочный,0.004685714285714285
2277,выживаемость,0.004685714285714285
2278,отраслей—нетто,0.004685714285714285
2279,управленец,0.000563265306122449
2280,ит-специалист,0.000563265306122449
2281,антивирус,0.000563265306122449
2282,антивирусный,0.000563265306122449
2283,просуммировать,0.0037959183673469386
2284,(ehess),0.002775510204081633
2285,сокрытый,0.0016285714285714284
2286,фигурант,0.0020285714285714286
2287,защиты ,0.0020285714285714286
2288,девелопер,0.001110204081632653
2289,28092022,0.0015183673469387753
2290,581756,0.0015183673469387753
2291,177,0.0015183673469387753
2292,"""единый",0.00176734693877551
2293,неверов,0.00176734693877551
2294,расторгаться,0.0026897959183673466
2295,(рспп),0.008208163265306122
2296,уплачивать,0.002151020408163265
2297,котяк,0.002151020408163265
2298,фишинга,0.0012612244897959183
2299,небезопасный,0.0012612244897959183
2300,недопустимость,0.0012612244897959183
2301,(pdf),0.001551020408163265
2302,диагностический,0.0021061224489795916
2303,пресс-центр,0.0021061224489795916
2304,техосмотр,0.0021061224489795916
2305,еаисто,0.0021061224489795916
2306,агропроизводитель,0.0030163265306122444
2307,стройотрасль,0.0030163265306122444
2308,уборочный,0.0030163265306122444
2309,отец-одиночка,0.01020408163265306
2310,выставление,0.0026
2311,"""прослежку""",0.0026
2312,достигнутый,0.0018081632653061223
2313,противоречащий,0.0018081632653061223
2314,(нпф),0.0011142857142857144
2315,комплементарный,0.0011142857142857144
2316,крсб,0.0035306122448979585
2317,неисправимый,0.0035306122448979585
2318,6468,0.0015061224489795917
2319,8548,0.0015061224489795917
2320,сопроводительный,0.0015061224489795917
2321,(29092022),0.0027959183673469386
2322,584485,0.0027959183673469386
2323,273,0.0027959183673469386
2324,557232,0.0027959183673469386
2325,"""договор",0.0013877551020408164
2326,"страхования""",0.0013877551020408164
2327,"""финансовый",0.0013877551020408164
2328,"инструменты""",0.0013877551020408164
2329,(указание,0.0013877551020408164
2330,сшана,0.004048979591836734
2331,перекрывать,0.004048979591836734
2332,«окончание,0.004048979591836734
2333,валюты»,0.004048979591836734
2334,«урезанную»,0.002004081632653061
2335,"""известия""",0.002497959183673469
2336,242,0.0025428571428571427
2337,375,0.0025428571428571427
2338,"""кадастровой""",0.0018693877551020407
2339,politico,0.0015755102040816327
2340,1430,0.0015755102040816327
2341,(1530,0.0015755102040816327
2342,мск),0.0015755102040816327
2343,неестественно,0.0007265306122448979
2344,66,0.0019755102040816324
2345,«ведомости»,0.0019755102040816324
2346,курбангалей,0.0018
2347,неизвестность,0.0018
2348,настигнуть,0.0018
2349,вынуждать,0.0018
2350,адаптироваться,0.0018
2351,"""прощен""",0.002220408163265306
2352,морс,0.004538775510204081
2353,квас,0.004538775510204081
2354,отправной,0.001853061224489796
2355,опс,0.001853061224489796
2356,фёдоров,0.0009959183673469388
2357,котяков,0.0009959183673469388
2358,доплата,0.0022
2359,02%,0.001530612244897959
2360,85%,0.001530612244897959
2361,профриска,0.001530612244897959
2362,₽2,0.0029428571428571425
2363,«прайм»,0.0029428571428571425
2364,48%,0.003383673469387755
2365,30092022,0.005126530612244897
2366,57413,0.005126530612244897
2367,554064,0.005126530612244897
2368,блокировка,0.01020408163265306
2369,устроенный,0.01020408163265306
2370,брокерский,0.01020408163265306
2371,россиян?,0.01020408163265306
2372,"""государственный",0.0017183673469387754
2373,онлайн-регистрация,0.0017183673469387754
2374,"бизнеса""",0.0017183673469387754
2375,автоперевозка,0.0027183673469387756
2376,(протокол,0.0015632653061224489
2377,568),0.0015632653061224489
2378,11-00,0.0015632653061224489
2379,14-00,0.0015632653061224489
2380,930,0.0015632653061224489
2381,1100,0.0015632653061224489
2382,вице-спикер,0.0033959183673469384
2383,шолбан,0.0033959183673469384
2384,кара-оол,0.0033959183673469384
2385,кпрф,0.001551020408163265
2386,мария,0.001551020408163265
2387,дробот,0.001551020408163265
2388,корниенко,0.001551020408163265
2389,лайф,0.008502040816326531
2390,359,0.008502040816326531
2391,гк,0.003261224489795918
2392,forex,0.003261224489795918
2393,полховский,0.003261224489795918
2394,равновесный,0.003261224489795918
2395,"""мир""",0.0017918367346938776
2396,практиковать,0.0012448979591836733
2397,удалёнка,0.0012448979591836733
2398,заболеваемость,0.0012448979591836733
2399,гд,0.0031591836734693873
2400,кошелев,0.0031591836734693873
2401,«далее»,0.002514285714285714
2402,инновация,0.005512941133385709
2403,финуниверситет,0.0034408163265306118
2404,павел,0.0034408163265306118
2405,трифонов,0.0034408163265306118
2406,нецелесообразность,0.0022612244897959183
2407,валют?,0.01020408163265306
2408,(работодателю),0.0036530612244897957
2409,01102022,0.0038530612244897953
2410,552987,0.0038530612244897953
2411,527379,0.0038530612244897953
2412,(нрд),0.01020408163265306
2413,уязвимый,0.0020285714285714286
2414,навязывание,0.0020285714285714286
2415,хищение,0.0020285714285714286
2416,втягивание,0.0020285714285714286
2417,лайфома,0.007399999999999999
2418,беляев,0.007399999999999999
2419,декретный,0.003130612244897959
2420,380,0.003130612244897959
2421,засекретить,0.00550204081632653
2422,«беспрецедентной»,0.00550204081632653
2423,секретность,0.00550204081632653
2424,высокорисковать,0.0038816326530612243
2425,скоринг,0.0038816326530612243
2426,"""выступать",0.001346938775510204
2427,"валют""",0.001346938775510204
2428,80,0.004514285714285714
2429,кирьян,0.004514285714285714
2430,камералка,0.0019510204081632653
2431,сомнительность,0.0019510204081632653
2432,"""дружественных""",0.0014653061224489795
2433,"""недружественной""",0.0014653061224489795
2434,(04102022),0.003412244897959183
2435,575664,0.003412244897959183
2436,газпромбанк,0.0025632653061224485
2437,"""юникредит""",0.0025632653061224485
2438,совкомбанк,0.0025632653061224485
2439,мкб,0.0025632653061224485
2440,"""открытие""",0.0025632653061224485
2441,росбанк,0.0025632653061224485
2442,"""тинькофф",0.0025632653061224485
2443,"банк""",0.0025632653061224485
2444,промсвязьбанк,0.0025632653061224485
2445,райффайзенбанк,0.0025632653061224485
2446,россельхозбанк,0.0025632653061224485
2447,улучшиться,0.0020857142857142854
2448,«неделя»,0.0020857142857142854
2449,ств,0.0020857142857142854
2450,внебиржевой,0.004232653061224489
2451,март-апрель,0.0015020408163265305
2452,(финансовой),0.00176734693877551
2453,"""дешевый""",0.0019183673469387753
2454,автостраховщик,0.0019183673469387753
2455,ефрем,0.0019183673469387753
2456,58,0.01020408163265306
2457,(577,0.01020408163265306
2458,(5576,0.01020408163265306
2459,«зубр,0.0007714285714285713
2460,текнолоджис»,0.0007714285714285713
2461,«осенний,0.0007714285714285713
2462,фреш»,0.0007714285714285713
2463,облачный,0.0007714285714285713
2464,1сfresh,0.0007714285714285713
2465,продлиться,0.0007714285714285713
2466,«облакам»,0.0007714285714285713
2467,неслучайно,0.0007714285714285713
2468,8–17,0.004477551020408163
2469,"""госуслуга",0.002151020408163265
2470,"авто""",0.002151020408163265
2471,ярославль,0.0015591836734693875
2472,зао,0.0015591836734693875
2473,«промтехмонтаж-железобетонный,0.0015591836734693875
2474,изделия»,0.0015591836734693875
2475,"""детских""",0.0015755102040816327
2476,соцзащита,0.002040816326530612
2477,импортозамещающий,0.001073469387755102
2478,энергоуголь,0.0012285714285714285
2479,$150/т,0.0012285714285714285
2480,$170,0.0012285714285714285
2481,фосфорные/азотный,0.0012285714285714285
2482,$500,0.0012285714285714285
2483,05102022,0.003971428571428571
2484,587913,0.003971428571428571
2485,гуу,0.00333469387755102
2486,коновалов,0.00333469387755102
2487,пирсинг,0.00333469387755102
2488,татуировка,0.00333469387755102
2489,скрепить,0.0012653061224489795
2490,«1с,0.00016326530612244898
2491,предприятие»,0.00016326530612244898
2492,бессменный,0.00016326530612244898
2493,непреодолимый,0.00213469387755102
2494,закупочный,0.00213469387755102
2495,стабилизироваться,0.004126530612244898
2496,уловка,0.0024
2497,экстремально,0.0024
2498,околонулевой,0.0024
2499,неточность,0.0013224489795918366
2500,торгово-промышленный,0.0013224489795918366
2501,катырин,0.0013224489795918366
2502,"""новым""",0.0012367346938775509
2503,"""новости""",0.005040816326530612
2504,pdf,0.0013224489795918366
2505,шаблон,0.0013224489795918366
2506,онлайн-инспекция,0.01020408163265306
2507,06102022,0.00426938775510204
2508,594043,0.00426938775510204
2509,613,0.00426938775510204
2510,закупаться,0.0049020408163265305
2511,медикамент,0.0049020408163265305
2512,снаряжение,0.0049020408163265305
2513,резервист,0.0049020408163265305
2514,кассация,0.001
2515,недофинансировать,0.0011387755102040815
2516,назаров,0.0011387755102040815
2517,(рэо),0.0042244897959183665
2518,"""опор",0.0011020408163265306
2519,калинин,0.0011020408163265306
2520,внеплановый,0.0011020408163265306
2521,"""ведомости""",0.0011020408163265306
2522,cms,0.01020408163265306
2523,сагалаев,0.01020408163265306
2524,1414125,0.002836734693877551
2525,опек+,0.007848979591836735
2526,беспрецедентный,0.007848979591836735
2527,джо,0.007848979591836735
2528,байден,0.007848979591836735
2529,алёшкин,0.004738775510204081
2530,двухнедельный,0.007371428571428571
2531,правомерно,0.007371428571428571
2532,"""зарплатный",0.0020857142857142854
2533,"рабство""",0.0020857142857142854
2534,критичный,0.0011346938775510203
2535,выборочный,0.0008653061224489795
2536,вовне,0.0008653061224489795
2537,инсайдерский,0.0008653061224489795
2538,манипулирование,0.0008653061224489795
2539,достижимый,0.0008653061224489795
2540,рынка?,0.0008653061224489795
2541,логинов,0.0008653061224489795
2542,07102022,0.004612244897959183
2543,602534,0.004612244897959183
2544,849,0.004612244897959183
2545,несовпадение,0.0043918367346938774
2546,"""оперативный",0.0043918367346938774
2547,"процессов""",0.0043918367346938774
2548,ослабнуть,0.0018040816326530611
2549,юлия,0.0018040816326530611
2550,мельников,0.0018040816326530611
2551,нарастить,0.0012448979591836733
2552,ноутбук,0.0012448979591836733
2553,планшет,0.0012448979591836733
2554,"""госуслугах""",0.0007020408163265306
2555,непросто,0.000983673469387755
2556,"""сбросе""",0.000983673469387755
2557,€7,0.0024693877551020408
2558,(№,0.002326530612244898
2559,664),0.002326530612244898
2560,подорожание,0.01020408163265306
2561,«банк,0.0021061224489795916
2562,наличка,0.002363265306122449
2563,бударин,0.0020938775510204078
2564,должность/место,0.002338775510204081
2565,соответственно дат,0.002338775510204081
2566,расторжение,0.002338775510204081
2567,в связь,0.002338775510204081
2568,с прогул,0.002338775510204081
2569,не мочь,0.002338775510204081
2570,коэффициент-дефлятор,0.000926530612244898
2571,австралийский,0.0006857142857142856
2572,(ндпи),0.0006857142857142856
2573,ценообразование,0.0006857142857142856
2574,ярослав,0.0012816326530612242
2575,ниловый,0.0012816326530612242
2576,нил,0.0012816326530612242
2577,35,0.0012489795918367345
2578,(08102022),0.001514285714285714
2579,612475,0.001514285714285714
2580,994,0.001514285714285714
2581,«газетеru»,0.001730612244897959
2582,неисполненный,0.01020408163265306
2583,(фтс),0.0009714285714285714
2584,дознание,0.0009714285714285714
2585,нормативно-правовой,0.0007673469387755102
2586,«общественный,0.0015714285714285713
2587,мнение»,0.0015714285714285713
2588,(фом),0.0015714285714285713
2589,104,0.0015714285714285713
2590,вручную,0.0006612244897959183
2591,excel,0.0006612244897959183
2592,ассоциироваться,0.0006612244897959183
2593,«банка,0.0033591836734693874
2594,богдан,0.0033591836734693874
2595,зварич,0.0033591836734693874
2596,(7,0.0008979591836734693
2597,октября),0.0008979591836734693
2598,"""круглый",0.0008979591836734693
2599,"стол""",0.0008979591836734693
2600,«актуальный,0.0008979591836734693
2601,мса,0.0008979591836734693
2602,существенность,0.0008979591836734693
2603,аудита»,0.0008979591836734693
